{"level":"info","message":"run static import","extra":{"packageName":"@nocobase/plugin-backups"},"meta":{"packageName":"@nocobase/plugin-backups"},"module":"cli","submodule":"","method":"","app":"main","dataSourceKey":"main","timestamp":"2026-08-27 15:55:24"}
{"level":"info","message":"run static import","extra":{"packageName":"@nocobase/plugin-file-manager"},"meta":{"packageName":"@nocobase/plugin-file-manager"},"module":"cli","submodule":"","method":"","app":"main","dataSourceKey":"main","timestamp":"2026-08-27 15:55:24"}
{"level":"info","message":"run static import","extra":{"packageName":"@nocobase/plugin-multi-app-manager"},"meta":{"packageName":"@nocobase/plugin-multi-app-manager"},"module":"cli","submodule":"","method":"","app":"main","dataSourceKey":"main","timestamp":"2026-08-27 15:55:28"}
{"level":"info","message":"App supervisor initialized","extra":{"discoveryAdapter":"legacy","processAdapter":"legacy","commandAdapter":""},"meta":{"discoveryAdapter":"legacy","processAdapter":"legacy","commandAdapter":""},"module":"app-supervisor","submodule":"","method":"","app":"main","dataSourceKey":"main","timestamp":"2026-08-27 15:55:28"}
{"level":"info","message":"connection has been established successfully.","extra":{"method":"auth"},"meta":{},"module":"database","submodule":"","method":"auth","app":"main","reqId":"7d9abd19-b3c3-416f-8cb7-076453b14ef9","dataSourceKey":"main","timestamp":"2026-08-27 15:55:28"}
{"level":"info","message":"[queue] gracefully shutting down...","extra":{},"meta":{},"module":"application","submodule":"","method":"","app":"main","reqId":"7d9abd19-b3c3-416f-8cb7-076453b14ef9","dataSourceKey":"main","timestamp":"2026-08-27 15:55:28"}
2026-08-27 15:55:30 [info] Generating InstanceID... 
2026-08-27 15:55:30 [info] InstanceID saved to /app/nocobase/storage/.license/instance-id 
2026-08-27 15:55:34 [info] License key not found 
{"level":"info","message":"run static import","extra":{"packageName":"@nocobase/plugin-backups"},"meta":{"packageName":"@nocobase/plugin-backups"},"module":"cli","submodule":"","method":"","app":"main","dataSourceKey":"main","timestamp":"2026-08-27 15:55:45"}
{"level":"info","message":"run static import","extra":{"packageName":"@nocobase/plugin-file-manager"},"meta":{"packageName":"@nocobase/plugin-file-manager"},"module":"cli","submodule":"","method":"","app":"main","dataSourceKey":"main","timestamp":"2026-08-27 15:55:46"}
{"level":"info","message":"run static import","extra":{"packageName":"@nocobase/plugin-multi-app-manager"},"meta":{"packageName":"@nocobase/plugin-multi-app-manager"},"module":"cli","submodule":"","method":"","app":"main","dataSourceKey":"main","timestamp":"2026-08-27 15:55:49"}
{"level":"info","message":"App supervisor initialized","extra":{"discoveryAdapter":"legacy","processAdapter":"legacy","commandAdapter":""},"meta":{"discoveryAdapter":"legacy","processAdapter":"legacy","commandAdapter":""},"module":"app-supervisor","submodule":"","method":"","app":"main","dataSourceKey":"main","timestamp":"2026-08-27 15:55:49"}
{"level":"info","message":"connection has been established successfully.","extra":{"method":"auth"},"meta":{},"module":"database","submodule":"","method":"auth","app":"main","reqId":"0bee1dfe-3ecf-4e3c-ad80-93e20b83393d","dataSourceKey":"main","timestamp":"2026-08-27 15:55:49"}
{"level":"info","message":"allocate worker id: 18","extra":{"method":"load"},"meta":{},"module":"application","submodule":"","method":"load","app":"main","reqId":"0bee1dfe-3ecf-4e3c-ad80-93e20b83393d","dataSourceKey":"main","timestamp":"2026-08-27 15:55:50"}
{"level":"info","message":"start install built-in plugins","extra":{},"meta":{},"module":"nocobase","submodule":"","method":"","app":"main","reqId":"0bee1dfe-3ecf-4e3c-ad80-93e20b83393d","dataSourceKey":"main","timestamp":"2026-08-27 15:55:50"}
{"level":"info","message":"tools [getCollectionMetadata] registered from plugin [data-source-manager]","extra":{},"meta":{},"module":"data-source-manager","submodule":"","method":"","app":"main","reqId":"0bee1dfe-3ecf-4e3c-ad80-93e20b83393d","dataSourceKey":"main","timestamp":"2026-08-27 15:55:51"}
{"level":"info","message":"tools [getCollectionNames] registered from plugin [data-source-manager]","extra":{},"meta":{},"module":"data-source-manager","submodule":"","method":"","app":"main","reqId":"0bee1dfe-3ecf-4e3c-ad80-93e20b83393d","dataSourceKey":"main","timestamp":"2026-08-27 15:55:51"}
{"level":"info","message":"tools [getDataSources] registered from plugin [data-source-manager]","extra":{},"meta":{},"module":"data-source-manager","submodule":"","method":"","app":"main","reqId":"0bee1dfe-3ecf-4e3c-ad80-93e20b83393d","dataSourceKey":"main","timestamp":"2026-08-27 15:55:51"}
{"level":"info","message":"tools [searchFieldMetadata] registered from plugin [data-source-manager]","extra":{},"meta":{},"module":"data-source-manager","submodule":"","method":"","app":"main","reqId":"0bee1dfe-3ecf-4e3c-ad80-93e20b83393d","dataSourceKey":"main","timestamp":"2026-08-27 15:55:51"}
{"level":"info","message":"tools [dataQuery] registered from plugin [data-source-manager]","extra":{},"meta":{},"module":"data-source-manager","submodule":"","method":"","app":"main","reqId":"0bee1dfe-3ecf-4e3c-ad80-93e20b83393d","dataSourceKey":"main","timestamp":"2026-08-27 15:55:51"}
{"level":"info","message":"tools [dataSourceCounting] registered from plugin [data-source-manager]","extra":{},"meta":{},"module":"data-source-manager","submodule":"","method":"","app":"main","reqId":"0bee1dfe-3ecf-4e3c-ad80-93e20b83393d","dataSourceKey":"main","timestamp":"2026-08-27 15:55:51"}
{"level":"info","message":"tools [dataSourceQuery] registered from plugin [data-source-manager]","extra":{},"meta":{},"module":"data-source-manager","submodule":"","method":"","app":"main","reqId":"0bee1dfe-3ecf-4e3c-ad80-93e20b83393d","dataSourceKey":"main","timestamp":"2026-08-27 15:55:51"}
{"level":"info","message":"tools [defineCollections] registered from plugin [data-source-manager]","extra":{},"meta":{},"module":"data-source-manager","submodule":"","method":"","app":"main","reqId":"0bee1dfe-3ecf-4e3c-ad80-93e20b83393d","dataSourceKey":"main","timestamp":"2026-08-27 15:55:51"}
{"level":"info","message":"tools [intentRouter] registered from plugin [data-source-manager]","extra":{},"meta":{},"module":"data-source-manager","submodule":"","method":"","app":"main","reqId":"0bee1dfe-3ecf-4e3c-ad80-93e20b83393d","dataSourceKey":"main","timestamp":"2026-08-27 15:55:51"}
{"level":"info","message":"tools [getContextApis] registered from plugin [flow-engine]","extra":{},"meta":{},"module":"flow-engine","submodule":"","method":"","app":"main","reqId":"0bee1dfe-3ecf-4e3c-ad80-93e20b83393d","dataSourceKey":"main","timestamp":"2026-08-27 15:55:52"}
{"level":"info","message":"tools [getContextEnvs] registered from plugin [flow-engine]","extra":{},"meta":{},"module":"flow-engine","submodule":"","method":"","app":"main","reqId":"0bee1dfe-3ecf-4e3c-ad80-93e20b83393d","dataSourceKey":"main","timestamp":"2026-08-27 15:55:52"}
{"level":"info","message":"tools [getContextVars] registered from plugin [flow-engine]","extra":{},"meta":{},"module":"flow-engine","submodule":"","method":"","app":"main","reqId":"0bee1dfe-3ecf-4e3c-ad80-93e20b83393d","dataSourceKey":"main","timestamp":"2026-08-27 15:55:52"}
{"level":"info","message":"tools [lintAndTestJS] registered from plugin [flow-engine]","extra":{},"meta":{},"module":"flow-engine","submodule":"","method":"","app":"main","reqId":"0bee1dfe-3ecf-4e3c-ad80-93e20b83393d","dataSourceKey":"main","timestamp":"2026-08-27 15:55:52"}
{"level":"info","message":"tools [patchJSCode] registered from plugin [flow-engine]","extra":{},"meta":{},"module":"flow-engine","submodule":"","method":"","app":"main","reqId":"0bee1dfe-3ecf-4e3c-ad80-93e20b83393d","dataSourceKey":"main","timestamp":"2026-08-27 15:55:52"}
{"level":"info","message":"tools [readJSCode] registered from plugin [flow-engine]","extra":{},"meta":{},"module":"flow-engine","submodule":"","method":"","app":"main","reqId":"0bee1dfe-3ecf-4e3c-ad80-93e20b83393d","dataSourceKey":"main","timestamp":"2026-08-27 15:55:52"}
{"level":"info","message":"tools [writeJSCode] registered from plugin [flow-engine]","extra":{},"meta":{},"module":"flow-engine","submodule":"","method":"","app":"main","reqId":"0bee1dfe-3ecf-4e3c-ad80-93e20b83393d","dataSourceKey":"main","timestamp":"2026-08-27 15:55:52"}
{"level":"info","message":"ai employee [nathan] registered from plugin [flow-engine]","extra":{},"meta":{},"module":"flow-engine","submodule":"","method":"","app":"main","reqId":"0bee1dfe-3ecf-4e3c-ad80-93e20b83393d","dataSourceKey":"main","timestamp":"2026-08-27 15:55:52"}
{"level":"info","message":"tools [chartGenerator] registered from plugin [ai]","extra":{},"meta":{},"module":"ai","submodule":"","method":"","app":"main","reqId":"0bee1dfe-3ecf-4e3c-ad80-93e20b83393d","dataSourceKey":"main","timestamp":"2026-08-27 15:55:53"}
{"level":"info","message":"tools [formFiller] registered from plugin [ai]","extra":{},"meta":{},"module":"ai","submodule":"","method":"","app":"main","reqId":"0bee1dfe-3ecf-4e3c-ad80-93e20b83393d","dataSourceKey":"main","timestamp":"2026-08-27 15:55:53"}
{"level":"info","message":"tools [getSkill] registered from plugin [ai]","extra":{},"meta":{},"module":"ai","submodule":"","method":"","app":"main","reqId":"0bee1dfe-3ecf-4e3c-ad80-93e20b83393d","dataSourceKey":"main","timestamp":"2026-08-27 15:55:53"}
{"level":"info","message":"tools [knowledge-base-retrieve] registered from plugin [ai]","extra":{},"meta":{},"module":"ai","submodule":"","method":"","app":"main","reqId":"0bee1dfe-3ecf-4e3c-ad80-93e20b83393d","dataSourceKey":"main","timestamp":"2026-08-27 15:55:53"}
{"level":"info","message":"tools [subAgentWebSearch] registered from plugin [ai]","extra":{},"meta":{},"module":"ai","submodule":"","method":"","app":"main","reqId":"0bee1dfe-3ecf-4e3c-ad80-93e20b83393d","dataSourceKey":"main","timestamp":"2026-08-27 15:55:53"}
{"level":"info","message":"tools [suggestions] registered from plugin [ai]","extra":{},"meta":{},"module":"ai","submodule":"","method":"","app":"main","reqId":"0bee1dfe-3ecf-4e3c-ad80-93e20b83393d","dataSourceKey":"main","timestamp":"2026-08-27 15:55:53"}
{"level":"info","message":"tools [dispatch-sub-agent-task] registered from plugin [ai]","extra":{},"meta":{},"module":"ai","submodule":"","method":"","app":"main","reqId":"0bee1dfe-3ecf-4e3c-ad80-93e20b83393d","dataSourceKey":"main","timestamp":"2026-08-27 15:55:53"}
{"level":"info","message":"tools [get-ai-employee] registered from plugin [ai]","extra":{},"meta":{},"module":"ai","submodule":"","method":"","app":"main","reqId":"0bee1dfe-3ecf-4e3c-ad80-93e20b83393d","dataSourceKey":"main","timestamp":"2026-08-27 15:55:53"}
{"level":"info","message":"tools [list-ai-employees] registered from plugin [ai]","extra":{},"meta":{},"module":"ai","submodule":"","method":"","app":"main","reqId":"0bee1dfe-3ecf-4e3c-ad80-93e20b83393d","dataSourceKey":"main","timestamp":"2026-08-27 15:55:53"}
{"level":"warn","message":"tools [shared] register ignored: ToolsOptions not export as default at /app/nocobase/node_modules/@nocobase/plugin-ai/dist/ai/tools/sub-agents/shared.js","extra":{},"meta":{},"module":"ai","submodule":"","method":"","app":"main","reqId":"0bee1dfe-3ecf-4e3c-ad80-93e20b83393d","dataSourceKey":"main","timestamp":"2026-08-27 15:55:53"}
{"level":"info","message":"tools [businessReportGenerator] registered from plugin [ai]","extra":{},"meta":{},"module":"ai","submodule":"","method":"","app":"main","reqId":"0bee1dfe-3ecf-4e3c-ad80-93e20b83393d","dataSourceKey":"main","timestamp":"2026-08-27 15:55:53"}
{"level":"info","message":"ai employee [dara] registered from plugin [ai]","extra":{},"meta":{},"module":"ai","submodule":"","method":"","app":"main","reqId":"0bee1dfe-3ecf-4e3c-ad80-93e20b83393d","dataSourceKey":"main","timestamp":"2026-08-27 15:55:53"}
{"level":"info","message":"ai employee [dex] registered from plugin [ai]","extra":{},"meta":{},"module":"ai","submodule":"","method":"","app":"main","reqId":"0bee1dfe-3ecf-4e3c-ad80-93e20b83393d","dataSourceKey":"main","timestamp":"2026-08-27 15:55:53"}
{"level":"info","message":"ai employee [ellis] registered from plugin [ai]","extra":{},"meta":{},"module":"ai","submodule":"","method":"","app":"main","reqId":"0bee1dfe-3ecf-4e3c-ad80-93e20b83393d","dataSourceKey":"main","timestamp":"2026-08-27 15:55:53"}
{"level":"info","message":"ai employee [lexi] registered from plugin [ai]","extra":{},"meta":{},"module":"ai","submodule":"","method":"","app":"main","reqId":"0bee1dfe-3ecf-4e3c-ad80-93e20b83393d","dataSourceKey":"main","timestamp":"2026-08-27 15:55:53"}
{"level":"info","message":"ai employee [vera] registered from plugin [ai]","extra":{},"meta":{},"module":"ai","submodule":"","method":"","app":"main","reqId":"0bee1dfe-3ecf-4e3c-ad80-93e20b83393d","dataSourceKey":"main","timestamp":"2026-08-27 15:55:53"}
{"level":"info","message":"ai employee [viz] registered from plugin [ai]","extra":{},"meta":{},"module":"ai","submodule":"","method":"","app":"main","reqId":"0bee1dfe-3ecf-4e3c-ad80-93e20b83393d","dataSourceKey":"main","timestamp":"2026-08-27 15:55:53"}
{"level":"info","message":"ai employee [atlas] registered from plugin [ai]","extra":{},"meta":{},"module":"ai","submodule":"","method":"","app":"main","reqId":"0bee1dfe-3ecf-4e3c-ad80-93e20b83393d","dataSourceKey":"main","timestamp":"2026-08-27 15:55:53"}
{"level":"warn","message":"[PubSubManager] adapter is not exist or not connected, cannot publish message to channel main.sync.file-manager","extra":{},"meta":{},"module":"application","submodule":"","method":"","app":"main","reqId":"0bee1dfe-3ecf-4e3c-ad80-93e20b83393d","dataSourceKey":"main","timestamp":"2026-08-27 15:56:04"}
{"level":"warn","message":"[PubSubManager] adapter is not exist or not connected, cannot publish message to channel main.sync.data-source-manager","extra":{},"meta":{},"module":"application","submodule":"","method":"","app":"main","reqId":"0bee1dfe-3ecf-4e3c-ad80-93e20b83393d","dataSourceKey":"main","timestamp":"2026-08-27 15:56:04"}
{"level":"warn","message":"[PubSubManager] adapter is not exist or not connected, cannot publish message to channel main.sync.acl","extra":{},"meta":{},"module":"application","submodule":"","method":"","app":"main","reqId":"0bee1dfe-3ecf-4e3c-ad80-93e20b83393d","dataSourceKey":"main","timestamp":"2026-08-27 15:56:04"}
{"level":"warn","message":"[PubSubManager] adapter is not exist or not connected, cannot publish message to channel main.sync.data-source-manager","extra":{},"meta":{},"module":"application","submodule":"","method":"","app":"main","reqId":"0bee1dfe-3ecf-4e3c-ad80-93e20b83393d","dataSourceKey":"main","timestamp":"2026-08-27 15:56:04"}
{"level":"warn","message":"[PubSubManager] adapter is not exist or not connected, cannot publish message to channel main.sync.acl","extra":{},"meta":{},"module":"application","submodule":"","method":"","app":"main","reqId":"0bee1dfe-3ecf-4e3c-ad80-93e20b83393d","dataSourceKey":"main","timestamp":"2026-08-27 15:56:04"}
{"level":"warn","message":"[PubSubManager] adapter is not exist or not connected, cannot publish message to channel main.sync.data-source-manager","extra":{},"meta":{},"module":"application","submodule":"","method":"","app":"main","reqId":"0bee1dfe-3ecf-4e3c-ad80-93e20b83393d","dataSourceKey":"main","timestamp":"2026-08-27 15:56:04"}
{"level":"warn","message":"[PubSubManager] adapter is not exist or not connected, cannot publish message to channel main.sync.acl","extra":{},"meta":{},"module":"application","submodule":"","method":"","app":"main","reqId":"0bee1dfe-3ecf-4e3c-ad80-93e20b83393d","dataSourceKey":"main","timestamp":"2026-08-27 15:56:04"}
{"level":"error","message":"after install plugin [license], 74/75","extra":{"method":"responseErrorWithCode","code":"commanding","error":{"status":503,"maintaining":true,"message":"after install plugin [license], 74/75","command":{"name":"start"},"code":"APP_COMMANDING"},"statusCode":200,"appName":"main"},"meta":{"code":"commanding","error":{"status":503,"maintaining":true,"message":"after install plugin [license], 74/75","command":{"name":"start"},"code":"APP_COMMANDING"},"statusCode":200,"appName":"main"},"module":"gateway","submodule":"","method":"responseErrorWithCode","app":"main","reqId":"f1381a7f-31c1-47d9-8ce5-efe41c47619a","dataSourceKey":"main","timestamp":"2026-08-27 15:56:07"}
{"level":"info","message":"finish install built-in plugins","extra":{},"meta":{},"module":"nocobase","submodule":"","method":"","app":"main","reqId":"0bee1dfe-3ecf-4e3c-ad80-93e20b83393d","dataSourceKey":"main","timestamp":"2026-08-27 15:56:07"}
{"level":"warn","message":"[PubSubManager] adapter is not exist or not connected, cannot publish message to channel main.sync.data-source-manager","extra":{},"meta":{},"module":"application","submodule":"","method":"","app":"main","reqId":"0bee1dfe-3ecf-4e3c-ad80-93e20b83393d","dataSourceKey":"main","timestamp":"2026-08-27 15:56:07"}
{"level":"warn","message":"[PubSubManager] adapter is not exist or not connected, cannot publish message to channel main.sync.acl","extra":{},"meta":{},"module":"application","submodule":"","method":"","app":"main","reqId":"0bee1dfe-3ecf-4e3c-ad80-93e20b83393d","dataSourceKey":"main","timestamp":"2026-08-27 15:56:07"}
{"level":"warn","message":"[PubSubManager] adapter is not exist or not connected, cannot publish message to channel main.sync.data-source-manager","extra":{},"meta":{},"module":"application","submodule":"","method":"","app":"main","reqId":"0bee1dfe-3ecf-4e3c-ad80-93e20b83393d","dataSourceKey":"main","timestamp":"2026-08-27 15:56:07"}
{"level":"warn","message":"[PubSubManager] adapter is not exist or not connected, cannot publish message to channel main.sync.acl","extra":{},"meta":{},"module":"application","submodule":"","method":"","app":"main","reqId":"0bee1dfe-3ecf-4e3c-ad80-93e20b83393d","dataSourceKey":"main","timestamp":"2026-08-27 15:56:07"}
{"level":"info","message":"restarting...","extra":{},"meta":{},"module":"application","submodule":"","method":"","app":"main","reqId":"0bee1dfe-3ecf-4e3c-ad80-93e20b83393d","dataSourceKey":"main","timestamp":"2026-08-27 15:56:07"}
{"level":"info","message":"stopping workflow plugin before app (main) shutdown...","extra":{},"meta":{},"module":"application","submodule":"","method":"","app":"main","reqId":"0bee1dfe-3ecf-4e3c-ad80-93e20b83393d","dataSourceKey":"main","timestamp":"2026-08-27 15:56:07"}
{"level":"info","message":"app.reload()","extra":{"method":"load"},"meta":{},"module":"application","submodule":"","method":"load","app":"main","reqId":"0bee1dfe-3ecf-4e3c-ad80-93e20b83393d","dataSourceKey":"main","timestamp":"2026-08-27 15:56:07"}
{"level":"info","message":"allocate worker id: 29","extra":{"method":"load"},"meta":{},"module":"application","submodule":"","method":"load","app":"main","reqId":"0bee1dfe-3ecf-4e3c-ad80-93e20b83393d","dataSourceKey":"main","timestamp":"2026-08-27 15:56:08"}
{"level":"warn","message":"AsyncTaskManager already exists, skipping initialization.","extra":{},"meta":{},"module":"application","submodule":"","method":"","app":"main","reqId":"0bee1dfe-3ecf-4e3c-ad80-93e20b83393d","dataSourceKey":"main","timestamp":"2026-08-27 15:56:08"}
{"level":"info","message":"tools [dataQuery] registered from plugin [data-source-manager]","extra":{},"meta":{},"module":"data-source-manager","submodule":"","method":"","app":"main","reqId":"0bee1dfe-3ecf-4e3c-ad80-93e20b83393d","dataSourceKey":"main","timestamp":"2026-08-27 15:56:09"}
{"level":"info","message":"tools [dataSourceCounting] registered from plugin [data-source-manager]","extra":{},"meta":{},"module":"data-source-manager","submodule":"","method":"","app":"main","reqId":"0bee1dfe-3ecf-4e3c-ad80-93e20b83393d","dataSourceKey":"main","timestamp":"2026-08-27 15:56:09"}
{"level":"info","message":"tools [dataSourceQuery] registered from plugin [data-source-manager]","extra":{},"meta":{},"module":"data-source-manager","submodule":"","method":"","app":"main","reqId":"0bee1dfe-3ecf-4e3c-ad80-93e20b83393d","dataSourceKey":"main","timestamp":"2026-08-27 15:56:09"}
{"level":"info","message":"tools [getCollectionMetadata] registered from plugin [data-source-manager]","extra":{},"meta":{},"module":"data-source-manager","submodule":"","method":"","app":"main","reqId":"0bee1dfe-3ecf-4e3c-ad80-93e20b83393d","dataSourceKey":"main","timestamp":"2026-08-27 15:56:09"}
{"level":"info","message":"tools [getCollectionNames] registered from plugin [data-source-manager]","extra":{},"meta":{},"module":"data-source-manager","submodule":"","method":"","app":"main","reqId":"0bee1dfe-3ecf-4e3c-ad80-93e20b83393d","dataSourceKey":"main","timestamp":"2026-08-27 15:56:09"}
{"level":"info","message":"tools [getDataSources] registered from plugin [data-source-manager]","extra":{},"meta":{},"module":"data-source-manager","submodule":"","method":"","app":"main","reqId":"0bee1dfe-3ecf-4e3c-ad80-93e20b83393d","dataSourceKey":"main","timestamp":"2026-08-27 15:56:09"}
{"level":"info","message":"tools [searchFieldMetadata] registered from plugin [data-source-manager]","extra":{},"meta":{},"module":"data-source-manager","submodule":"","method":"","app":"main","reqId":"0bee1dfe-3ecf-4e3c-ad80-93e20b83393d","dataSourceKey":"main","timestamp":"2026-08-27 15:56:09"}
{"level":"info","message":"tools [defineCollections] registered from plugin [data-source-manager]","extra":{},"meta":{},"module":"data-source-manager","submodule":"","method":"","app":"main","reqId":"0bee1dfe-3ecf-4e3c-ad80-93e20b83393d","dataSourceKey":"main","timestamp":"2026-08-27 15:56:09"}
{"level":"info","message":"tools [intentRouter] registered from plugin [data-source-manager]","extra":{},"meta":{},"module":"data-source-manager","submodule":"","method":"","app":"main","reqId":"0bee1dfe-3ecf-4e3c-ad80-93e20b83393d","dataSourceKey":"main","timestamp":"2026-08-27 15:56:09"}
{"level":"info","message":"tools [getContextApis] registered from plugin [flow-engine]","extra":{},"meta":{},"module":"flow-engine","submodule":"","method":"","app":"main","reqId":"0bee1dfe-3ecf-4e3c-ad80-93e20b83393d","dataSourceKey":"main","timestamp":"2026-08-27 15:56:09"}
{"level":"info","message":"tools [getContextEnvs] registered from plugin [flow-engine]","extra":{},"meta":{},"module":"flow-engine","submodule":"","method":"","app":"main","reqId":"0bee1dfe-3ecf-4e3c-ad80-93e20b83393d","dataSourceKey":"main","timestamp":"2026-08-27 15:56:09"}
{"level":"info","message":"tools [getContextVars] registered from plugin [flow-engine]","extra":{},"meta":{},"module":"flow-engine","submodule":"","method":"","app":"main","reqId":"0bee1dfe-3ecf-4e3c-ad80-93e20b83393d","dataSourceKey":"main","timestamp":"2026-08-27 15:56:09"}
{"level":"info","message":"tools [lintAndTestJS] registered from plugin [flow-engine]","extra":{},"meta":{},"module":"flow-engine","submodule":"","method":"","app":"main","reqId":"0bee1dfe-3ecf-4e3c-ad80-93e20b83393d","dataSourceKey":"main","timestamp":"2026-08-27 15:56:09"}
{"level":"info","message":"tools [patchJSCode] registered from plugin [flow-engine]","extra":{},"meta":{},"module":"flow-engine","submodule":"","method":"","app":"main","reqId":"0bee1dfe-3ecf-4e3c-ad80-93e20b83393d","dataSourceKey":"main","timestamp":"2026-08-27 15:56:09"}
{"level":"info","message":"tools [readJSCode] registered from plugin [flow-engine]","extra":{},"meta":{},"module":"flow-engine","submodule":"","method":"","app":"main","reqId":"0bee1dfe-3ecf-4e3c-ad80-93e20b83393d","dataSourceKey":"main","timestamp":"2026-08-27 15:56:09"}
{"level":"info","message":"tools [writeJSCode] registered from plugin [flow-engine]","extra":{},"meta":{},"module":"flow-engine","submodule":"","method":"","app":"main","reqId":"0bee1dfe-3ecf-4e3c-ad80-93e20b83393d","dataSourceKey":"main","timestamp":"2026-08-27 15:56:09"}
{"level":"info","message":"ai employee [nathan] registered from plugin [flow-engine]","extra":{},"meta":{},"module":"flow-engine","submodule":"","method":"","app":"main","reqId":"0bee1dfe-3ecf-4e3c-ad80-93e20b83393d","dataSourceKey":"main","timestamp":"2026-08-27 15:56:09"}
{"level":"info","message":"tools [chartGenerator] registered from plugin [ai]","extra":{},"meta":{},"module":"ai","submodule":"","method":"","app":"main","reqId":"0bee1dfe-3ecf-4e3c-ad80-93e20b83393d","dataSourceKey":"main","timestamp":"2026-08-27 15:56:10"}
{"level":"info","message":"tools [formFiller] registered from plugin [ai]","extra":{},"meta":{},"module":"ai","submodule":"","method":"","app":"main","reqId":"0bee1dfe-3ecf-4e3c-ad80-93e20b83393d","dataSourceKey":"main","timestamp":"2026-08-27 15:56:10"}
{"level":"info","message":"tools [getSkill] registered from plugin [ai]","extra":{},"meta":{},"module":"ai","submodule":"","method":"","app":"main","reqId":"0bee1dfe-3ecf-4e3c-ad80-93e20b83393d","dataSourceKey":"main","timestamp":"2026-08-27 15:56:10"}
{"level":"info","message":"tools [knowledge-base-retrieve] registered from plugin [ai]","extra":{},"meta":{},"module":"ai","submodule":"","method":"","app":"main","reqId":"0bee1dfe-3ecf-4e3c-ad80-93e20b83393d","dataSourceKey":"main","timestamp":"2026-08-27 15:56:10"}
{"level":"info","message":"tools [subAgentWebSearch] registered from plugin [ai]","extra":{},"meta":{},"module":"ai","submodule":"","method":"","app":"main","reqId":"0bee1dfe-3ecf-4e3c-ad80-93e20b83393d","dataSourceKey":"main","timestamp":"2026-08-27 15:56:10"}
{"level":"info","message":"tools [suggestions] registered from plugin [ai]","extra":{},"meta":{},"module":"ai","submodule":"","method":"","app":"main","reqId":"0bee1dfe-3ecf-4e3c-ad80-93e20b83393d","dataSourceKey":"main","timestamp":"2026-08-27 15:56:10"}
{"level":"info","message":"tools [dispatch-sub-agent-task] registered from plugin [ai]","extra":{},"meta":{},"module":"ai","submodule":"","method":"","app":"main","reqId":"0bee1dfe-3ecf-4e3c-ad80-93e20b83393d","dataSourceKey":"main","timestamp":"2026-08-27 15:56:10"}
{"level":"info","message":"tools [get-ai-employee] registered from plugin [ai]","extra":{},"meta":{},"module":"ai","submodule":"","method":"","app":"main","reqId":"0bee1dfe-3ecf-4e3c-ad80-93e20b83393d","dataSourceKey":"main","timestamp":"2026-08-27 15:56:10"}
{"level":"info","message":"tools [list-ai-employees] registered from plugin [ai]","extra":{},"meta":{},"module":"ai","submodule":"","method":"","app":"main","reqId":"0bee1dfe-3ecf-4e3c-ad80-93e20b83393d","dataSourceKey":"main","timestamp":"2026-08-27 15:56:10"}
{"level":"warn","message":"tools [shared] register ignored: ToolsOptions not export as default at /app/nocobase/node_modules/@nocobase/plugin-ai/dist/ai/tools/sub-agents/shared.js","extra":{},"meta":{},"module":"ai","submodule":"","method":"","app":"main","reqId":"0bee1dfe-3ecf-4e3c-ad80-93e20b83393d","dataSourceKey":"main","timestamp":"2026-08-27 15:56:10"}
{"level":"info","message":"tools [businessReportGenerator] registered from plugin [ai]","extra":{},"meta":{},"module":"ai","submodule":"","method":"","app":"main","reqId":"0bee1dfe-3ecf-4e3c-ad80-93e20b83393d","dataSourceKey":"main","timestamp":"2026-08-27 15:56:10"}
{"level":"info","message":"ai employee [dara] registered from plugin [ai]","extra":{},"meta":{},"module":"ai","submodule":"","method":"","app":"main","reqId":"0bee1dfe-3ecf-4e3c-ad80-93e20b83393d","dataSourceKey":"main","timestamp":"2026-08-27 15:56:10"}
{"level":"info","message":"ai employee [dex] registered from plugin [ai]","extra":{},"meta":{},"module":"ai","submodule":"","method":"","app":"main","reqId":"0bee1dfe-3ecf-4e3c-ad80-93e20b83393d","dataSourceKey":"main","timestamp":"2026-08-27 15:56:10"}
{"level":"info","message":"ai employee [ellis] registered from plugin [ai]","extra":{},"meta":{},"module":"ai","submodule":"","method":"","app":"main","reqId":"0bee1dfe-3ecf-4e3c-ad80-93e20b83393d","dataSourceKey":"main","timestamp":"2026-08-27 15:56:10"}
{"level":"info","message":"ai employee [lexi] registered from plugin [ai]","extra":{},"meta":{},"module":"ai","submodule":"","method":"","app":"main","reqId":"0bee1dfe-3ecf-4e3c-ad80-93e20b83393d","dataSourceKey":"main","timestamp":"2026-08-27 15:56:10"}
{"level":"info","message":"ai employee [vera] registered from plugin [ai]","extra":{},"meta":{},"module":"ai","submodule":"","method":"","app":"main","reqId":"0bee1dfe-3ecf-4e3c-ad80-93e20b83393d","dataSourceKey":"main","timestamp":"2026-08-27 15:56:10"}
{"level":"info","message":"ai employee [viz] registered from plugin [ai]","extra":{},"meta":{},"module":"ai","submodule":"","method":"","app":"main","reqId":"0bee1dfe-3ecf-4e3c-ad80-93e20b83393d","dataSourceKey":"main","timestamp":"2026-08-27 15:56:10"}
{"level":"info","message":"ai employee [atlas] registered from plugin [ai]","extra":{},"meta":{},"module":"ai","submodule":"","method":"","app":"main","reqId":"0bee1dfe-3ecf-4e3c-ad80-93e20b83393d","dataSourceKey":"main","timestamp":"2026-08-27 15:56:10"}
{"level":"info","message":"memory queue storage file not found, skip","extra":{},"meta":{},"module":"application","submodule":"","method":"","app":"main","reqId":"0bee1dfe-3ecf-4e3c-ad80-93e20b83393d","dataSourceKey":"main","timestamp":"2026-08-27 15:56:11"}
{"level":"info","message":"memory queue storage file not found, skip","extra":{},"meta":{},"module":"application","submodule":"","method":"","app":"main","reqId":"0bee1dfe-3ecf-4e3c-ad80-93e20b83393d","dataSourceKey":"main","timestamp":"2026-08-27 15:56:11"}
{"level":"info","message":"write roles to ACL","extra":{"method":"writeRolesToACL"},"meta":{},"module":"acl","submodule":"","method":"writeRolesToACL","app":"main","reqId":"0bee1dfe-3ecf-4e3c-ad80-93e20b83393d","dataSourceKey":"main","timestamp":"2026-08-27 15:56:11"}
{"level":"info","message":"app has been started","extra":{},"meta":{},"module":"application","submodule":"","method":"","app":"main","reqId":"0bee1dfe-3ecf-4e3c-ad80-93e20b83393d","dataSourceKey":"main","timestamp":"2026-08-27 15:56:12"}
{"level":"warn","message":"[Workflow pre-action]: collection \"app\" not found","extra":{},"meta":{},"module":"app","submodule":"getLang","method":"","app":"main","reqId":"6e015b2b-9ce7-4ec5-af74-813568f48bce","dataSourceKey":"main","timestamp":"2026-08-27 15:56:13"}
{"level":"warn","message":"[Workflow pre-action]: collection \"pm\" not found","extra":{},"meta":{},"module":"pm","submodule":"listEnabled","method":"","app":"main","reqId":"9cb9668f-59e4-46c3-ad94-4e7fcf5287cc","dataSourceKey":"main","timestamp":"2026-08-27 15:56:13"}
{"level":"warn","message":"[Workflow pre-action]: collection \"auth\" not found","extra":{},"meta":{},"module":"auth","submodule":"signIn","method":"","app":"main","reqId":"6e73fa3f-7765-4dd2-ab4c-8f205b793eeb","dataSourceKey":"main","timestamp":"2026-08-27 15:56:57"}
{"level":"warn","message":"[Workflow pre-action]: collection \"auth\" not found","extra":{},"meta":{},"module":"auth","submodule":"check","method":"","app":"main","reqId":"4c8f3257-d89a-435c-8114-ac34952373a1","dataSourceKey":"main","timestamp":"2026-08-27 15:56:58"}
{"level":"warn","message":"[Workflow pre-action]: collection \"app\" not found","extra":{},"meta":{},"module":"app","submodule":"getInfo","method":"","app":"main","reqId":"d64f847f-9700-4464-85ae-d6b9db2352a2","dataSourceKey":"main","timestamp":"2026-08-27 15:56:59"}
{"level":"warn","message":"[Workflow pre-action]: collection \"myInAppMessages\" not found","extra":{},"meta":{},"module":"myInAppMessages","submodule":"count","method":"","app":"main","reqId":"5be2c9e2-7890-418c-930f-246cd2b6763e","dataSourceKey":"main","timestamp":"2026-08-27 15:56:59"}
{"level":"warn","message":"[Workflow pre-action]: collection \"auth\" not found","extra":{},"meta":{},"module":"auth","submodule":"signIn","method":"","app":"main","reqId":"444ffe10-d9f1-493d-9d67-5c1921ecf12a","dataSourceKey":"main","timestamp":"2026-08-27 15:57:24"}
{"level":"warn","message":"[Workflow pre-action]: collection \"auth\" not found","extra":{},"meta":{},"module":"auth","submodule":"signIn","method":"","app":"main","reqId":"b93622fb-8144-4ba2-b32d-1a2fb6528fda","dataSourceKey":"main","timestamp":"2026-08-27 15:57:31"}
{"level":"warn","message":"[Workflow pre-action]: collection \"auth\" not found","extra":{},"meta":{},"module":"auth","submodule":"signIn","method":"","app":"main","reqId":"6aefdee5-9d74-44c8-a446-6f86851d56f7","dataSourceKey":"main","timestamp":"2026-08-27 15:57:39"}
{"level":"warn","message":"[Workflow pre-action]: collection \"auth\" not found","extra":{},"meta":{},"module":"auth","submodule":"signIn","method":"","app":"main","reqId":"47163ded-edf2-48db-960f-336796d72d70","dataSourceKey":"main","timestamp":"2026-08-27 15:57:47"}
{"level":"warn","message":"[Workflow pre-action]: collection \"auth\" not found","extra":{},"meta":{},"module":"auth","submodule":"signIn","method":"","app":"main","reqId":"e64478c5-6c87-43ea-a001-cdfb93ea83bc","dataSourceKey":"main","timestamp":"2026-08-27 15:59:34"}
{"level":"warn","message":"[PubSubManager] adapter is not exist or not connected, cannot publish message to channel main.sync.data-source-main","extra":{},"meta":{},"module":"application","submodule":"","method":"","app":"main","reqId":"0bee1dfe-3ecf-4e3c-ad80-93e20b83393d","dataSourceKey":"main","timestamp":"2026-08-27 15:59:35"}
{"level":"warn","message":"[Workflow pre-action]: collection \"auth\" not found","extra":{},"meta":{},"module":"auth","submodule":"signIn","method":"","app":"main","reqId":"2f71bde2-fbd6-4ba0-9426-6b5d34f64bb5","dataSourceKey":"main","timestamp":"2026-08-27 15:59:43"}
{"level":"warn","message":"[Workflow pre-action]: collection \"auth\" not found","extra":{},"meta":{},"module":"auth","submodule":"signIn","method":"","app":"main","reqId":"7a9a497b-07cf-4e55-ba9b-e55e53bbcb7f","dataSourceKey":"main","timestamp":"2026-08-27 16:02:06"}
{"level":"warn","message":"[PubSubManager] adapter is not exist or not connected, cannot publish message to channel main.sync.data-source-main","extra":{},"meta":{},"module":"application","submodule":"","method":"","app":"main","reqId":"0bee1dfe-3ecf-4e3c-ad80-93e20b83393d","dataSourceKey":"main","timestamp":"2026-08-27 16:02:07"}
{"level":"warn","message":"[PubSubManager] adapter is not exist or not connected, cannot publish message to channel main.sync.data-source-main","extra":{},"meta":{},"module":"application","submodule":"","method":"","app":"main","reqId":"0bee1dfe-3ecf-4e3c-ad80-93e20b83393d","dataSourceKey":"main","timestamp":"2026-08-27 16:02:07"}
{"level":"warn","message":"[PubSubManager] adapter is not exist or not connected, cannot publish message to channel main.sync.data-source-main","extra":{},"meta":{},"module":"application","submodule":"","method":"","app":"main","reqId":"0bee1dfe-3ecf-4e3c-ad80-93e20b83393d","dataSourceKey":"main","timestamp":"2026-08-27 16:02:07"}
{"level":"warn","message":"[PubSubManager] adapter is not exist or not connected, cannot publish message to channel main.sync.data-source-main","extra":{},"meta":{},"module":"application","submodule":"","method":"","app":"main","reqId":"0bee1dfe-3ecf-4e3c-ad80-93e20b83393d","dataSourceKey":"main","timestamp":"2026-08-27 16:02:07"}
{"level":"warn","message":"[PubSubManager] adapter is not exist or not connected, cannot publish message to channel main.sync.data-source-main","extra":{},"meta":{},"module":"application","submodule":"","method":"","app":"main","reqId":"0bee1dfe-3ecf-4e3c-ad80-93e20b83393d","dataSourceKey":"main","timestamp":"2026-08-27 16:02:07"}
{"level":"warn","message":"[PubSubManager] adapter is not exist or not connected, cannot publish message to channel main.sync.data-source-main","extra":{},"meta":{},"module":"application","submodule":"","method":"","app":"main","reqId":"0bee1dfe-3ecf-4e3c-ad80-93e20b83393d","dataSourceKey":"main","timestamp":"2026-08-27 16:02:07"}
{"level":"warn","message":"[PubSubManager] adapter is not exist or not connected, cannot publish message to channel main.sync.data-source-main","extra":{},"meta":{},"module":"application","submodule":"","method":"","app":"main","reqId":"0bee1dfe-3ecf-4e3c-ad80-93e20b83393d","dataSourceKey":"main","timestamp":"2026-08-27 16:02:08"}
{"level":"warn","message":"[PubSubManager] adapter is not exist or not connected, cannot publish message to channel main.sync.data-source-main","extra":{},"meta":{},"module":"application","submodule":"","method":"","app":"main","reqId":"0bee1dfe-3ecf-4e3c-ad80-93e20b83393d","dataSourceKey":"main","timestamp":"2026-08-27 16:02:08"}
{"level":"warn","message":"[PubSubManager] adapter is not exist or not connected, cannot publish message to channel main.sync.data-source-main","extra":{},"meta":{},"module":"application","submodule":"","method":"","app":"main","reqId":"0bee1dfe-3ecf-4e3c-ad80-93e20b83393d","dataSourceKey":"main","timestamp":"2026-08-27 16:02:09"}
{"level":"warn","message":"[PubSubManager] adapter is not exist or not connected, cannot publish message to channel main.sync.data-source-main","extra":{},"meta":{},"module":"application","submodule":"","method":"","app":"main","reqId":"0bee1dfe-3ecf-4e3c-ad80-93e20b83393d","dataSourceKey":"main","timestamp":"2026-08-27 16:02:10"}
{"level":"warn","message":"[PubSubManager] adapter is not exist or not connected, cannot publish message to channel main.sync.data-source-main","extra":{},"meta":{},"module":"application","submodule":"","method":"","app":"main","reqId":"0bee1dfe-3ecf-4e3c-ad80-93e20b83393d","dataSourceKey":"main","timestamp":"2026-08-27 16:02:11"}
{"level":"warn","message":"[PubSubManager] adapter is not exist or not connected, cannot publish message to channel main.sync.data-source-main","extra":{},"meta":{},"module":"application","submodule":"","method":"","app":"main","reqId":"0bee1dfe-3ecf-4e3c-ad80-93e20b83393d","dataSourceKey":"main","timestamp":"2026-08-27 16:02:11"}
{"level":"warn","message":"[PubSubManager] adapter is not exist or not connected, cannot publish message to channel main.sync.data-source-main","extra":{},"meta":{},"module":"application","submodule":"","method":"","app":"main","reqId":"0bee1dfe-3ecf-4e3c-ad80-93e20b83393d","dataSourceKey":"main","timestamp":"2026-08-27 16:02:12"}
{"level":"warn","message":"[PubSubManager] adapter is not exist or not connected, cannot publish message to channel main.sync.data-source-main","extra":{},"meta":{},"module":"application","submodule":"","method":"","app":"main","reqId":"0bee1dfe-3ecf-4e3c-ad80-93e20b83393d","dataSourceKey":"main","timestamp":"2026-08-27 16:02:12"}
{"level":"warn","message":"[PubSubManager] adapter is not exist or not connected, cannot publish message to channel main.sync.data-source-main","extra":{},"meta":{},"module":"application","submodule":"","method":"","app":"main","reqId":"0bee1dfe-3ecf-4e3c-ad80-93e20b83393d","dataSourceKey":"main","timestamp":"2026-08-27 16:02:13"}
{"level":"warn","message":"[PubSubManager] adapter is not exist or not connected, cannot publish message to channel main.sync.data-source-main","extra":{},"meta":{},"module":"application","submodule":"","method":"","app":"main","reqId":"0bee1dfe-3ecf-4e3c-ad80-93e20b83393d","dataSourceKey":"main","timestamp":"2026-08-27 16:02:13"}
{"level":"warn","message":"[PubSubManager] adapter is not exist or not connected, cannot publish message to channel main.sync.data-source-main","extra":{},"meta":{},"module":"application","submodule":"","method":"","app":"main","reqId":"0bee1dfe-3ecf-4e3c-ad80-93e20b83393d","dataSourceKey":"main","timestamp":"2026-08-27 16:02:13"}
{"level":"warn","message":"[PubSubManager] adapter is not exist or not connected, cannot publish message to channel main.sync.data-source-main","extra":{},"meta":{},"module":"application","submodule":"","method":"","app":"main","reqId":"0bee1dfe-3ecf-4e3c-ad80-93e20b83393d","dataSourceKey":"main","timestamp":"2026-08-27 16:02:14"}
{"level":"warn","message":"[PubSubManager] adapter is not exist or not connected, cannot publish message to channel main.sync.data-source-main","extra":{},"meta":{},"module":"application","submodule":"","method":"","app":"main","reqId":"0bee1dfe-3ecf-4e3c-ad80-93e20b83393d","dataSourceKey":"main","timestamp":"2026-08-27 16:02:14"}
{"level":"warn","message":"[PubSubManager] adapter is not exist or not connected, cannot publish message to channel main.sync.data-source-main","extra":{},"meta":{},"module":"application","submodule":"","method":"","app":"main","reqId":"0bee1dfe-3ecf-4e3c-ad80-93e20b83393d","dataSourceKey":"main","timestamp":"2026-08-27 16:02:14"}
{"level":"warn","message":"[PubSubManager] adapter is not exist or not connected, cannot publish message to channel main.sync.data-source-main","extra":{},"meta":{},"module":"application","submodule":"","method":"","app":"main","reqId":"0bee1dfe-3ecf-4e3c-ad80-93e20b83393d","dataSourceKey":"main","timestamp":"2026-08-27 16:02:14"}
{"level":"warn","message":"[PubSubManager] adapter is not exist or not connected, cannot publish message to channel main.sync.data-source-main","extra":{},"meta":{},"module":"application","submodule":"","method":"","app":"main","reqId":"0bee1dfe-3ecf-4e3c-ad80-93e20b83393d","dataSourceKey":"main","timestamp":"2026-08-27 16:02:14"}
{"level":"warn","message":"[PubSubManager] adapter is not exist or not connected, cannot publish message to channel main.sync.data-source-main","extra":{},"meta":{},"module":"application","submodule":"","method":"","app":"main","reqId":"0bee1dfe-3ecf-4e3c-ad80-93e20b83393d","dataSourceKey":"main","timestamp":"2026-08-27 16:02:14"}
{"level":"warn","message":"[PubSubManager] adapter is not exist or not connected, cannot publish message to channel main.sync.data-source-main","extra":{},"meta":{},"module":"application","submodule":"","method":"","app":"main","reqId":"0bee1dfe-3ecf-4e3c-ad80-93e20b83393d","dataSourceKey":"main","timestamp":"2026-08-27 16:02:15"}
{"level":"warn","message":"[PubSubManager] adapter is not exist or not connected, cannot publish message to channel main.sync.data-source-main","extra":{},"meta":{},"module":"application","submodule":"","method":"","app":"main","reqId":"0bee1dfe-3ecf-4e3c-ad80-93e20b83393d","dataSourceKey":"main","timestamp":"2026-08-27 16:02:15"}
{"level":"warn","message":"[PubSubManager] adapter is not exist or not connected, cannot publish message to channel main.sync.data-source-main","extra":{},"meta":{},"module":"application","submodule":"","method":"","app":"main","reqId":"0bee1dfe-3ecf-4e3c-ad80-93e20b83393d","dataSourceKey":"main","timestamp":"2026-08-27 16:02:15"}
{"level":"warn","message":"[PubSubManager] adapter is not exist or not connected, cannot publish message to channel main.sync.data-source-main","extra":{},"meta":{},"module":"application","submodule":"","method":"","app":"main","reqId":"0bee1dfe-3ecf-4e3c-ad80-93e20b83393d","dataSourceKey":"main","timestamp":"2026-08-27 16:02:16"}
{"level":"warn","message":"[PubSubManager] adapter is not exist or not connected, cannot publish message to channel main.sync.data-source-main","extra":{},"meta":{},"module":"application","submodule":"","method":"","app":"main","reqId":"0bee1dfe-3ecf-4e3c-ad80-93e20b83393d","dataSourceKey":"main","timestamp":"2026-08-27 16:02:16"}
{"level":"warn","message":"[PubSubManager] adapter is not exist or not connected, cannot publish message to channel main.sync.data-source-main","extra":{},"meta":{},"module":"application","submodule":"","method":"","app":"main","reqId":"0bee1dfe-3ecf-4e3c-ad80-93e20b83393d","dataSourceKey":"main","timestamp":"2026-08-27 16:02:16"}
{"level":"warn","message":"[PubSubManager] adapter is not exist or not connected, cannot publish message to channel main.sync.data-source-main","extra":{},"meta":{},"module":"application","submodule":"","method":"","app":"main","reqId":"0bee1dfe-3ecf-4e3c-ad80-93e20b83393d","dataSourceKey":"main","timestamp":"2026-08-27 16:02:16"}
{"level":"warn","message":"[PubSubManager] adapter is not exist or not connected, cannot publish message to channel main.sync.data-source-main","extra":{},"meta":{},"module":"application","submodule":"","method":"","app":"main","reqId":"0bee1dfe-3ecf-4e3c-ad80-93e20b83393d","dataSourceKey":"main","timestamp":"2026-08-27 16:02:16"}
{"level":"warn","message":"[PubSubManager] adapter is not exist or not connected, cannot publish message to channel main.sync.data-source-main","extra":{},"meta":{},"module":"application","submodule":"","method":"","app":"main","reqId":"0bee1dfe-3ecf-4e3c-ad80-93e20b83393d","dataSourceKey":"main","timestamp":"2026-08-27 16:02:16"}
{"level":"warn","message":"[PubSubManager] adapter is not exist or not connected, cannot publish message to channel main.sync.data-source-main","extra":{},"meta":{},"module":"application","submodule":"","method":"","app":"main","reqId":"0bee1dfe-3ecf-4e3c-ad80-93e20b83393d","dataSourceKey":"main","timestamp":"2026-08-27 16:02:17"}
{"level":"warn","message":"[PubSubManager] adapter is not exist or not connected, cannot publish message to channel main.sync.data-source-main","extra":{},"meta":{},"module":"application","submodule":"","method":"","app":"main","reqId":"0bee1dfe-3ecf-4e3c-ad80-93e20b83393d","dataSourceKey":"main","timestamp":"2026-08-27 16:02:17"}
{"level":"warn","message":"[PubSubManager] adapter is not exist or not connected, cannot publish message to channel main.sync.data-source-main","extra":{},"meta":{},"module":"application","submodule":"","method":"","app":"main","reqId":"0bee1dfe-3ecf-4e3c-ad80-93e20b83393d","dataSourceKey":"main","timestamp":"2026-08-27 16:02:17"}
{"level":"warn","message":"[PubSubManager] adapter is not exist or not connected, cannot publish message to channel main.sync.data-source-main","extra":{},"meta":{},"module":"application","submodule":"","method":"","app":"main","reqId":"0bee1dfe-3ecf-4e3c-ad80-93e20b83393d","dataSourceKey":"main","timestamp":"2026-08-27 16:02:18"}
{"level":"warn","message":"[PubSubManager] adapter is not exist or not connected, cannot publish message to channel main.sync.data-source-main","extra":{},"meta":{},"module":"application","submodule":"","method":"","app":"main","reqId":"0bee1dfe-3ecf-4e3c-ad80-93e20b83393d","dataSourceKey":"main","timestamp":"2026-08-27 16:02:18"}
{"level":"warn","message":"[PubSubManager] adapter is not exist or not connected, cannot publish message to channel main.sync.data-source-main","extra":{},"meta":{},"module":"application","submodule":"","method":"","app":"main","reqId":"0bee1dfe-3ecf-4e3c-ad80-93e20b83393d","dataSourceKey":"main","timestamp":"2026-08-27 16:02:18"}
{"level":"warn","message":"[PubSubManager] adapter is not exist or not connected, cannot publish message to channel main.sync.data-source-main","extra":{},"meta":{},"module":"application","submodule":"","method":"","app":"main","reqId":"0bee1dfe-3ecf-4e3c-ad80-93e20b83393d","dataSourceKey":"main","timestamp":"2026-08-27 16:02:18"}
{"level":"warn","message":"[PubSubManager] adapter is not exist or not connected, cannot publish message to channel main.sync.data-source-main","extra":{},"meta":{},"module":"application","submodule":"","method":"","app":"main","reqId":"0bee1dfe-3ecf-4e3c-ad80-93e20b83393d","dataSourceKey":"main","timestamp":"2026-08-27 16:02:18"}
{"level":"warn","message":"[PubSubManager] adapter is not exist or not connected, cannot publish message to channel main.sync.data-source-main","extra":{},"meta":{},"module":"application","submodule":"","method":"","app":"main","reqId":"0bee1dfe-3ecf-4e3c-ad80-93e20b83393d","dataSourceKey":"main","timestamp":"2026-08-27 16:02:18"}
{"level":"warn","message":"[PubSubManager] adapter is not exist or not connected, cannot publish message to channel main.sync.data-source-main","extra":{},"meta":{},"module":"application","submodule":"","method":"","app":"main","reqId":"0bee1dfe-3ecf-4e3c-ad80-93e20b83393d","dataSourceKey":"main","timestamp":"2026-08-27 16:02:19"}
{"level":"warn","message":"[PubSubManager] adapter is not exist or not connected, cannot publish message to channel main.sync.data-source-main","extra":{},"meta":{},"module":"application","submodule":"","method":"","app":"main","reqId":"0bee1dfe-3ecf-4e3c-ad80-93e20b83393d","dataSourceKey":"main","timestamp":"2026-08-27 16:02:19"}
{"level":"warn","message":"[PubSubManager] adapter is not exist or not connected, cannot publish message to channel main.sync.data-source-main","extra":{},"meta":{},"module":"application","submodule":"","method":"","app":"main","reqId":"0bee1dfe-3ecf-4e3c-ad80-93e20b83393d","dataSourceKey":"main","timestamp":"2026-08-27 16:02:19"}
{"level":"warn","message":"[PubSubManager] adapter is not exist or not connected, cannot publish message to channel main.sync.data-source-main","extra":{},"meta":{},"module":"application","submodule":"","method":"","app":"main","reqId":"0bee1dfe-3ecf-4e3c-ad80-93e20b83393d","dataSourceKey":"main","timestamp":"2026-08-27 16:02:19"}
{"level":"warn","message":"[PubSubManager] adapter is not exist or not connected, cannot publish message to channel main.sync.data-source-main","extra":{},"meta":{},"module":"application","submodule":"","method":"","app":"main","reqId":"0bee1dfe-3ecf-4e3c-ad80-93e20b83393d","dataSourceKey":"main","timestamp":"2026-08-27 16:02:19"}
{"level":"warn","message":"[PubSubManager] adapter is not exist or not connected, cannot publish message to channel main.sync.data-source-main","extra":{},"meta":{},"module":"application","submodule":"","method":"","app":"main","reqId":"0bee1dfe-3ecf-4e3c-ad80-93e20b83393d","dataSourceKey":"main","timestamp":"2026-08-27 16:02:19"}
{"level":"warn","message":"[Workflow pre-action]: collection \"auth\" not found","extra":{},"meta":{},"module":"auth","submodule":"signIn","method":"","app":"main","reqId":"1946027b-5d4c-4fb4-a8fe-00ec96664153","dataSourceKey":"main","timestamp":"2026-08-27 16:02:31"}
{"level":"warn","message":"[Workflow pre-action]: collection \"collections.alerts\" not found","extra":{},"meta":{},"module":"","submodule":"","method":"","app":"main","reqId":"5f1d33c5-ee17-4bcf-a360-57ef7e7137c8","dataSourceKey":"main","timestamp":"2026-08-27 16:02:32"}
{"level":"warn","message":"[Workflow pre-action]: collection \"auth\" not found","extra":{},"meta":{},"module":"auth","submodule":"signIn","method":"","app":"main","reqId":"615a4859-9055-4775-9c72-c5281cf184d4","dataSourceKey":"main","timestamp":"2026-08-27 16:02:43"}
{"level":"warn","message":"[Workflow pre-action]: collection \"auth\" not found","extra":{},"meta":{},"module":"auth","submodule":"signIn","method":"","app":"main","reqId":"4872aa37-8bf5-4b8d-918c-19bbc6b74575","dataSourceKey":"main","timestamp":"2026-08-27 16:02:54"}
{"level":"warn","message":"[Workflow pre-action]: collection \"app\" not found","extra":{},"meta":{},"module":"app","submodule":"getLang","method":"","app":"main","reqId":"438c329a-b18a-4cd2-86c4-6aa2f6908c0c","dataSourceKey":"main","timestamp":"2026-08-27 16:03:03"}
{"level":"warn","message":"[Workflow pre-action]: collection \"pm\" not found","extra":{},"meta":{},"module":"pm","submodule":"listEnabled","method":"","app":"main","reqId":"ce293aa9-90b9-439c-9a8d-8bea446f613e","dataSourceKey":"main","timestamp":"2026-08-27 16:03:03"}
{"level":"warn","message":"[Workflow pre-action]: collection \"auth\" not found","extra":{},"meta":{},"module":"auth","submodule":"check","method":"","app":"main","reqId":"64acc898-3b04-44af-b65c-c02ad92157df","dataSourceKey":"main","timestamp":"2026-08-27 16:03:05"}
{"level":"warn","message":"[Workflow pre-action]: collection \"app\" not found","extra":{},"meta":{},"module":"app","submodule":"getInfo","method":"","app":"main","reqId":"734449c4-78b7-44e0-96c4-f7c07853d250","dataSourceKey":"main","timestamp":"2026-08-27 16:03:07"}
{"level":"warn","message":"[Workflow pre-action]: collection \"myInAppMessages\" not found","extra":{},"meta":{},"module":"myInAppMessages","submodule":"count","method":"","app":"main","reqId":"269b79e9-ae4d-474d-85ac-8b604870a97d","dataSourceKey":"main","timestamp":"2026-08-27 16:03:07"}
{"level":"warn","message":"[Workflow pre-action]: collection \"auth\" not found","extra":{},"meta":{},"module":"auth","submodule":"signIn","method":"","app":"main","reqId":"cd2d3f62-9a1c-4d2e-9206-4bd1050881ed","dataSourceKey":"main","timestamp":"2026-08-27 16:06:47"}
{"level":"warn","message":"[Workflow pre-action]: collection \"app\" not found","extra":{},"meta":{},"module":"app","submodule":"getLang","method":"","app":"main","reqId":"e009fd6f-ee5e-43b6-9e45-a1a02b7b12bf","dataSourceKey":"main","timestamp":"2026-08-27 16:06:57"}
{"level":"warn","message":"[Workflow pre-action]: collection \"pm\" not found","extra":{},"meta":{},"module":"pm","submodule":"listEnabled","method":"","app":"main","reqId":"f63eae3d-e347-4c1d-9565-87ac66d02754","dataSourceKey":"main","timestamp":"2026-08-27 16:06:58"}
{"level":"warn","message":"[Workflow pre-action]: collection \"auth\" not found","extra":{},"meta":{},"module":"auth","submodule":"check","method":"","app":"main","reqId":"5d7a2ae9-a8b5-40bc-a758-cd6142376d4c","dataSourceKey":"main","timestamp":"2026-08-27 16:06:59"}
{"level":"warn","message":"[Workflow pre-action]: collection \"myInAppMessages\" not found","extra":{},"meta":{},"module":"myInAppMessages","submodule":"count","method":"","app":"main","reqId":"c5e4b5c0-bc15-4abd-9a5d-a8037ffdac48","dataSourceKey":"main","timestamp":"2026-08-27 16:07:00"}
{"level":"warn","message":"[Workflow pre-action]: collection \"app\" not found","extra":{},"meta":{},"module":"app","submodule":"getInfo","method":"","app":"main","reqId":"16012cfb-10fc-4212-bebf-02abde7db0e6","dataSourceKey":"main","timestamp":"2026-08-27 16:07:00"}
{"level":"warn","message":"[Workflow pre-action]: collection \"auth\" not found","extra":{},"meta":{},"module":"auth","submodule":"signIn","method":"","app":"main","reqId":"10eefd3f-5184-4cde-9f04-853f805d188c","dataSourceKey":"main","timestamp":"2026-08-27 16:08:52"}
{"level":"warn","message":"[PubSubManager] adapter is not exist or not connected, cannot publish message to channel main.sync.data-source-main","extra":{},"meta":{},"module":"application","submodule":"","method":"","app":"main","reqId":"0bee1dfe-3ecf-4e3c-ad80-93e20b83393d","dataSourceKey":"main","timestamp":"2026-08-27 16:08:53"}
{"level":"warn","message":"[PubSubManager] adapter is not exist or not connected, cannot publish message to channel main.sync.data-source-main","extra":{},"meta":{},"module":"application","submodule":"","method":"","app":"main","reqId":"0bee1dfe-3ecf-4e3c-ad80-93e20b83393d","dataSourceKey":"main","timestamp":"2026-08-27 16:08:54"}
{"level":"warn","message":"[PubSubManager] adapter is not exist or not connected, cannot publish message to channel main.sync.data-source-main","extra":{},"meta":{},"module":"application","submodule":"","method":"","app":"main","reqId":"0bee1dfe-3ecf-4e3c-ad80-93e20b83393d","dataSourceKey":"main","timestamp":"2026-08-27 16:08:54"}
{"level":"warn","message":"[PubSubManager] adapter is not exist or not connected, cannot publish message to channel main.sync.data-source-main","extra":{},"meta":{},"module":"application","submodule":"","method":"","app":"main","reqId":"0bee1dfe-3ecf-4e3c-ad80-93e20b83393d","dataSourceKey":"main","timestamp":"2026-08-27 16:08:55"}
{"level":"warn","message":"[PubSubManager] adapter is not exist or not connected, cannot publish message to channel main.sync.data-source-main","extra":{},"meta":{},"module":"application","submodule":"","method":"","app":"main","reqId":"0bee1dfe-3ecf-4e3c-ad80-93e20b83393d","dataSourceKey":"main","timestamp":"2026-08-27 16:08:55"}
{"level":"warn","message":"[PubSubManager] adapter is not exist or not connected, cannot publish message to channel main.sync.data-source-main","extra":{},"meta":{},"module":"application","submodule":"","method":"","app":"main","reqId":"0bee1dfe-3ecf-4e3c-ad80-93e20b83393d","dataSourceKey":"main","timestamp":"2026-08-27 16:08:56"}
{"level":"warn","message":"[PubSubManager] adapter is not exist or not connected, cannot publish message to channel main.sync.data-source-main","extra":{},"meta":{},"module":"application","submodule":"","method":"","app":"main","reqId":"0bee1dfe-3ecf-4e3c-ad80-93e20b83393d","dataSourceKey":"main","timestamp":"2026-08-27 16:08:56"}
{"level":"warn","message":"[PubSubManager] adapter is not exist or not connected, cannot publish message to channel main.sync.data-source-main","extra":{},"meta":{},"module":"application","submodule":"","method":"","app":"main","reqId":"0bee1dfe-3ecf-4e3c-ad80-93e20b83393d","dataSourceKey":"main","timestamp":"2026-08-27 16:08:57"}
{"level":"warn","message":"[PubSubManager] adapter is not exist or not connected, cannot publish message to channel main.sync.data-source-main","extra":{},"meta":{},"module":"application","submodule":"","method":"","app":"main","reqId":"0bee1dfe-3ecf-4e3c-ad80-93e20b83393d","dataSourceKey":"main","timestamp":"2026-08-27 16:08:57"}
{"level":"warn","message":"[PubSubManager] adapter is not exist or not connected, cannot publish message to channel main.sync.data-source-main","extra":{},"meta":{},"module":"application","submodule":"","method":"","app":"main","reqId":"0bee1dfe-3ecf-4e3c-ad80-93e20b83393d","dataSourceKey":"main","timestamp":"2026-08-27 16:08:58"}
{"level":"warn","message":"[PubSubManager] adapter is not exist or not connected, cannot publish message to channel main.sync.data-source-main","extra":{},"meta":{},"module":"application","submodule":"","method":"","app":"main","reqId":"0bee1dfe-3ecf-4e3c-ad80-93e20b83393d","dataSourceKey":"main","timestamp":"2026-08-27 16:08:58"}
{"level":"warn","message":"[PubSubManager] adapter is not exist or not connected, cannot publish message to channel main.sync.data-source-main","extra":{},"meta":{},"module":"application","submodule":"","method":"","app":"main","reqId":"0bee1dfe-3ecf-4e3c-ad80-93e20b83393d","dataSourceKey":"main","timestamp":"2026-08-27 16:08:59"}
{"level":"warn","message":"[PubSubManager] adapter is not exist or not connected, cannot publish message to channel main.sync.data-source-main","extra":{},"meta":{},"module":"application","submodule":"","method":"","app":"main","reqId":"0bee1dfe-3ecf-4e3c-ad80-93e20b83393d","dataSourceKey":"main","timestamp":"2026-08-27 16:08:59"}
{"level":"warn","message":"[PubSubManager] adapter is not exist or not connected, cannot publish message to channel main.sync.data-source-main","extra":{},"meta":{},"module":"application","submodule":"","method":"","app":"main","reqId":"0bee1dfe-3ecf-4e3c-ad80-93e20b83393d","dataSourceKey":"main","timestamp":"2026-08-27 16:08:59"}
{"level":"warn","message":"[PubSubManager] adapter is not exist or not connected, cannot publish message to channel main.sync.data-source-main","extra":{},"meta":{},"module":"application","submodule":"","method":"","app":"main","reqId":"0bee1dfe-3ecf-4e3c-ad80-93e20b83393d","dataSourceKey":"main","timestamp":"2026-08-27 16:09:00"}
{"level":"info","message":"add unique index devices_clientId_uk","extra":{},"meta":{},"module":"database","submodule":"","method":"","app":"main","reqId":"0bee1dfe-3ecf-4e3c-ad80-93e20b83393d","dataSourceKey":"main","timestamp":"2026-08-27 16:09:00"}
{"level":"warn","message":"[PubSubManager] adapter is not exist or not connected, cannot publish message to channel main.sync.data-source-main","extra":{},"meta":{},"module":"application","submodule":"","method":"","app":"main","reqId":"0bee1dfe-3ecf-4e3c-ad80-93e20b83393d","dataSourceKey":"main","timestamp":"2026-08-27 16:09:01"}
{"level":"warn","message":"[PubSubManager] adapter is not exist or not connected, cannot publish message to channel main.sync.data-source-main","extra":{},"meta":{},"module":"application","submodule":"","method":"","app":"main","reqId":"0bee1dfe-3ecf-4e3c-ad80-93e20b83393d","dataSourceKey":"main","timestamp":"2026-08-27 16:09:01"}
{"level":"warn","message":"[PubSubManager] adapter is not exist or not connected, cannot publish message to channel main.sync.data-source-main","extra":{},"meta":{},"module":"application","submodule":"","method":"","app":"main","reqId":"0bee1dfe-3ecf-4e3c-ad80-93e20b83393d","dataSourceKey":"main","timestamp":"2026-08-27 16:09:01"}
{"level":"warn","message":"[PubSubManager] adapter is not exist or not connected, cannot publish message to channel main.sync.data-source-main","extra":{},"meta":{},"module":"application","submodule":"","method":"","app":"main","reqId":"0bee1dfe-3ecf-4e3c-ad80-93e20b83393d","dataSourceKey":"main","timestamp":"2026-08-27 16:09:01"}
{"level":"warn","message":"[PubSubManager] adapter is not exist or not connected, cannot publish message to channel main.sync.data-source-main","extra":{},"meta":{},"module":"application","submodule":"","method":"","app":"main","reqId":"0bee1dfe-3ecf-4e3c-ad80-93e20b83393d","dataSourceKey":"main","timestamp":"2026-08-27 16:09:02"}
{"level":"warn","message":"[PubSubManager] adapter is not exist or not connected, cannot publish message to channel main.sync.data-source-main","extra":{},"meta":{},"module":"application","submodule":"","method":"","app":"main","reqId":"0bee1dfe-3ecf-4e3c-ad80-93e20b83393d","dataSourceKey":"main","timestamp":"2026-08-27 16:09:02"}
{"level":"warn","message":"[PubSubManager] adapter is not exist or not connected, cannot publish message to channel main.sync.data-source-main","extra":{},"meta":{},"module":"application","submodule":"","method":"","app":"main","reqId":"0bee1dfe-3ecf-4e3c-ad80-93e20b83393d","dataSourceKey":"main","timestamp":"2026-08-27 16:09:02"}
{"level":"warn","message":"[PubSubManager] adapter is not exist or not connected, cannot publish message to channel main.sync.data-source-main","extra":{},"meta":{},"module":"application","submodule":"","method":"","app":"main","reqId":"0bee1dfe-3ecf-4e3c-ad80-93e20b83393d","dataSourceKey":"main","timestamp":"2026-08-27 16:09:03"}
{"level":"warn","message":"[PubSubManager] adapter is not exist or not connected, cannot publish message to channel main.sync.data-source-main","extra":{},"meta":{},"module":"application","submodule":"","method":"","app":"main","reqId":"0bee1dfe-3ecf-4e3c-ad80-93e20b83393d","dataSourceKey":"main","timestamp":"2026-08-27 16:09:03"}
{"level":"info","message":"add unique index clickEvents_idempotencyToken_uk","extra":{},"meta":{},"module":"database","submodule":"","method":"","app":"main","reqId":"0bee1dfe-3ecf-4e3c-ad80-93e20b83393d","dataSourceKey":"main","timestamp":"2026-08-27 16:09:03"}
{"level":"warn","message":"[PubSubManager] adapter is not exist or not connected, cannot publish message to channel main.sync.data-source-main","extra":{},"meta":{},"module":"application","submodule":"","method":"","app":"main","reqId":"0bee1dfe-3ecf-4e3c-ad80-93e20b83393d","dataSourceKey":"main","timestamp":"2026-08-27 16:09:04"}
{"level":"warn","message":"[PubSubManager] adapter is not exist or not connected, cannot publish message to channel main.sync.data-source-main","extra":{},"meta":{},"module":"application","submodule":"","method":"","app":"main","reqId":"0bee1dfe-3ecf-4e3c-ad80-93e20b83393d","dataSourceKey":"main","timestamp":"2026-08-27 16:09:04"}
{"level":"warn","message":"[PubSubManager] adapter is not exist or not connected, cannot publish message to channel main.sync.data-source-main","extra":{},"meta":{},"module":"application","submodule":"","method":"","app":"main","reqId":"0bee1dfe-3ecf-4e3c-ad80-93e20b83393d","dataSourceKey":"main","timestamp":"2026-08-27 16:09:04"}
{"level":"warn","message":"[PubSubManager] adapter is not exist or not connected, cannot publish message to channel main.sync.data-source-main","extra":{},"meta":{},"module":"application","submodule":"","method":"","app":"main","reqId":"0bee1dfe-3ecf-4e3c-ad80-93e20b83393d","dataSourceKey":"main","timestamp":"2026-08-27 16:09:05"}
{"level":"warn","message":"[PubSubManager] adapter is not exist or not connected, cannot publish message to channel main.sync.data-source-main","extra":{},"meta":{},"module":"application","submodule":"","method":"","app":"main","reqId":"0bee1dfe-3ecf-4e3c-ad80-93e20b83393d","dataSourceKey":"main","timestamp":"2026-08-27 16:09:05"}
{"level":"warn","message":"[PubSubManager] adapter is not exist or not connected, cannot publish message to channel main.sync.data-source-main","extra":{},"meta":{},"module":"application","submodule":"","method":"","app":"main","reqId":"0bee1dfe-3ecf-4e3c-ad80-93e20b83393d","dataSourceKey":"main","timestamp":"2026-08-27 16:09:05"}
{"level":"warn","message":"[PubSubManager] adapter is not exist or not connected, cannot publish message to channel main.sync.data-source-main","extra":{},"meta":{},"module":"application","submodule":"","method":"","app":"main","reqId":"0bee1dfe-3ecf-4e3c-ad80-93e20b83393d","dataSourceKey":"main","timestamp":"2026-08-27 16:09:05"}
{"level":"warn","message":"[PubSubManager] adapter is not exist or not connected, cannot publish message to channel main.sync.data-source-main","extra":{},"meta":{},"module":"application","submodule":"","method":"","app":"main","reqId":"0bee1dfe-3ecf-4e3c-ad80-93e20b83393d","dataSourceKey":"main","timestamp":"2026-08-27 16:09:06"}
{"level":"warn","message":"[PubSubManager] adapter is not exist or not connected, cannot publish message to channel main.sync.data-source-main","extra":{},"meta":{},"module":"application","submodule":"","method":"","app":"main","reqId":"0bee1dfe-3ecf-4e3c-ad80-93e20b83393d","dataSourceKey":"main","timestamp":"2026-08-27 16:09:06"}
{"level":"warn","message":"[PubSubManager] adapter is not exist or not connected, cannot publish message to channel main.sync.data-source-main","extra":{},"meta":{},"module":"application","submodule":"","method":"","app":"main","reqId":"0bee1dfe-3ecf-4e3c-ad80-93e20b83393d","dataSourceKey":"main","timestamp":"2026-08-27 16:09:06"}
{"level":"warn","message":"[PubSubManager] adapter is not exist or not connected, cannot publish message to channel main.sync.data-source-main","extra":{},"meta":{},"module":"application","submodule":"","method":"","app":"main","reqId":"0bee1dfe-3ecf-4e3c-ad80-93e20b83393d","dataSourceKey":"main","timestamp":"2026-08-27 16:09:06"}
{"level":"warn","message":"[PubSubManager] adapter is not exist or not connected, cannot publish message to channel main.sync.data-source-main","extra":{},"meta":{},"module":"application","submodule":"","method":"","app":"main","reqId":"0bee1dfe-3ecf-4e3c-ad80-93e20b83393d","dataSourceKey":"main","timestamp":"2026-08-27 16:09:07"}
{"level":"warn","message":"[PubSubManager] adapter is not exist or not connected, cannot publish message to channel main.sync.data-source-main","extra":{},"meta":{},"module":"application","submodule":"","method":"","app":"main","reqId":"0bee1dfe-3ecf-4e3c-ad80-93e20b83393d","dataSourceKey":"main","timestamp":"2026-08-27 16:09:07"}
{"level":"warn","message":"[PubSubManager] adapter is not exist or not connected, cannot publish message to channel main.sync.data-source-main","extra":{},"meta":{},"module":"application","submodule":"","method":"","app":"main","reqId":"0bee1dfe-3ecf-4e3c-ad80-93e20b83393d","dataSourceKey":"main","timestamp":"2026-08-27 16:09:07"}
{"level":"warn","message":"[PubSubManager] adapter is not exist or not connected, cannot publish message to channel main.sync.data-source-main","extra":{},"meta":{},"module":"application","submodule":"","method":"","app":"main","reqId":"0bee1dfe-3ecf-4e3c-ad80-93e20b83393d","dataSourceKey":"main","timestamp":"2026-08-27 16:09:08"}
{"level":"warn","message":"[PubSubManager] adapter is not exist or not connected, cannot publish message to channel main.sync.data-source-main","extra":{},"meta":{},"module":"application","submodule":"","method":"","app":"main","reqId":"0bee1dfe-3ecf-4e3c-ad80-93e20b83393d","dataSourceKey":"main","timestamp":"2026-08-27 16:09:08"}
{"level":"warn","message":"[PubSubManager] adapter is not exist or not connected, cannot publish message to channel main.sync.data-source-main","extra":{},"meta":{},"module":"application","submodule":"","method":"","app":"main","reqId":"0bee1dfe-3ecf-4e3c-ad80-93e20b83393d","dataSourceKey":"main","timestamp":"2026-08-27 16:09:08"}
{"level":"warn","message":"[PubSubManager] adapter is not exist or not connected, cannot publish message to channel main.sync.data-source-main","extra":{},"meta":{},"module":"application","submodule":"","method":"","app":"main","reqId":"0bee1dfe-3ecf-4e3c-ad80-93e20b83393d","dataSourceKey":"main","timestamp":"2026-08-27 16:09:08"}
{"level":"warn","message":"[PubSubManager] adapter is not exist or not connected, cannot publish message to channel main.sync.data-source-main","extra":{},"meta":{},"module":"application","submodule":"","method":"","app":"main","reqId":"0bee1dfe-3ecf-4e3c-ad80-93e20b83393d","dataSourceKey":"main","timestamp":"2026-08-27 16:09:09"}
{"level":"warn","message":"[PubSubManager] adapter is not exist or not connected, cannot publish message to channel main.sync.data-source-main","extra":{},"meta":{},"module":"application","submodule":"","method":"","app":"main","reqId":"0bee1dfe-3ecf-4e3c-ad80-93e20b83393d","dataSourceKey":"main","timestamp":"2026-08-27 16:09:09"}
{"level":"warn","message":"[PubSubManager] adapter is not exist or not connected, cannot publish message to channel main.sync.data-source-main","extra":{},"meta":{},"module":"application","submodule":"","method":"","app":"main","reqId":"0bee1dfe-3ecf-4e3c-ad80-93e20b83393d","dataSourceKey":"main","timestamp":"2026-08-27 16:09:09"}
{"level":"warn","message":"[PubSubManager] adapter is not exist or not connected, cannot publish message to channel main.sync.data-source-main","extra":{},"meta":{},"module":"application","submodule":"","method":"","app":"main","reqId":"0bee1dfe-3ecf-4e3c-ad80-93e20b83393d","dataSourceKey":"main","timestamp":"2026-08-27 16:09:09"}
{"level":"warn","message":"[PubSubManager] adapter is not exist or not connected, cannot publish message to channel main.sync.data-source-main","extra":{},"meta":{},"module":"application","submodule":"","method":"","app":"main","reqId":"0bee1dfe-3ecf-4e3c-ad80-93e20b83393d","dataSourceKey":"main","timestamp":"2026-08-27 16:09:09"}
{"level":"warn","message":"[PubSubManager] adapter is not exist or not connected, cannot publish message to channel main.sync.data-source-main","extra":{},"meta":{},"module":"application","submodule":"","method":"","app":"main","reqId":"0bee1dfe-3ecf-4e3c-ad80-93e20b83393d","dataSourceKey":"main","timestamp":"2026-08-27 16:09:10"}
{"level":"warn","message":"[Workflow pre-action]: collection \"auth\" not found","extra":{},"meta":{},"module":"auth","submodule":"signIn","method":"","app":"main","reqId":"37bdc17a-a6ed-4173-ac6e-44c394564784","dataSourceKey":"main","timestamp":"2026-08-27 16:09:27"}
{"level":"warn","message":"[PubSubManager] adapter is not exist or not connected, cannot publish message to channel main.sync.data-source-main","extra":{},"meta":{},"module":"application","submodule":"","method":"","app":"main","reqId":"0bee1dfe-3ecf-4e3c-ad80-93e20b83393d","dataSourceKey":"main","timestamp":"2026-08-27 16:09:28"}
{"level":"warn","message":"[PubSubManager] adapter is not exist or not connected, cannot publish message to channel main.sync.data-source-main","extra":{},"meta":{},"module":"application","submodule":"","method":"","app":"main","reqId":"0bee1dfe-3ecf-4e3c-ad80-93e20b83393d","dataSourceKey":"main","timestamp":"2026-08-27 16:09:29"}
{"level":"warn","message":"[PubSubManager] adapter is not exist or not connected, cannot publish message to channel main.sync.data-source-main","extra":{},"meta":{},"module":"application","submodule":"","method":"","app":"main","reqId":"0bee1dfe-3ecf-4e3c-ad80-93e20b83393d","dataSourceKey":"main","timestamp":"2026-08-27 16:09:29"}
{"level":"warn","message":"[PubSubManager] adapter is not exist or not connected, cannot publish message to channel main.sync.data-source-main","extra":{},"meta":{},"module":"application","submodule":"","method":"","app":"main","reqId":"0bee1dfe-3ecf-4e3c-ad80-93e20b83393d","dataSourceKey":"main","timestamp":"2026-08-27 16:09:30"}
{"level":"warn","message":"[PubSubManager] adapter is not exist or not connected, cannot publish message to channel main.sync.data-source-main","extra":{},"meta":{},"module":"application","submodule":"","method":"","app":"main","reqId":"0bee1dfe-3ecf-4e3c-ad80-93e20b83393d","dataSourceKey":"main","timestamp":"2026-08-27 16:09:30"}
{"level":"warn","message":"[PubSubManager] adapter is not exist or not connected, cannot publish message to channel main.sync.data-source-main","extra":{},"meta":{},"module":"application","submodule":"","method":"","app":"main","reqId":"0bee1dfe-3ecf-4e3c-ad80-93e20b83393d","dataSourceKey":"main","timestamp":"2026-08-27 16:09:31"}
{"level":"warn","message":"[PubSubManager] adapter is not exist or not connected, cannot publish message to channel main.sync.data-source-main","extra":{},"meta":{},"module":"application","submodule":"","method":"","app":"main","reqId":"0bee1dfe-3ecf-4e3c-ad80-93e20b83393d","dataSourceKey":"main","timestamp":"2026-08-27 16:09:31"}
{"level":"warn","message":"[PubSubManager] adapter is not exist or not connected, cannot publish message to channel main.sync.data-source-main","extra":{},"meta":{},"module":"application","submodule":"","method":"","app":"main","reqId":"0bee1dfe-3ecf-4e3c-ad80-93e20b83393d","dataSourceKey":"main","timestamp":"2026-08-27 16:09:32"}
{"level":"warn","message":"[PubSubManager] adapter is not exist or not connected, cannot publish message to channel main.sync.data-source-main","extra":{},"meta":{},"module":"application","submodule":"","method":"","app":"main","reqId":"0bee1dfe-3ecf-4e3c-ad80-93e20b83393d","dataSourceKey":"main","timestamp":"2026-08-27 16:09:32"}
{"level":"warn","message":"[PubSubManager] adapter is not exist or not connected, cannot publish message to channel main.sync.data-source-main","extra":{},"meta":{},"module":"application","submodule":"","method":"","app":"main","reqId":"0bee1dfe-3ecf-4e3c-ad80-93e20b83393d","dataSourceKey":"main","timestamp":"2026-08-27 16:09:32"}
{"level":"warn","message":"[PubSubManager] adapter is not exist or not connected, cannot publish message to channel main.sync.data-source-main","extra":{},"meta":{},"module":"application","submodule":"","method":"","app":"main","reqId":"0bee1dfe-3ecf-4e3c-ad80-93e20b83393d","dataSourceKey":"main","timestamp":"2026-08-27 16:09:33"}
{"level":"warn","message":"[PubSubManager] adapter is not exist or not connected, cannot publish message to channel main.sync.data-source-main","extra":{},"meta":{},"module":"application","submodule":"","method":"","app":"main","reqId":"0bee1dfe-3ecf-4e3c-ad80-93e20b83393d","dataSourceKey":"main","timestamp":"2026-08-27 16:09:33"}
{"level":"warn","message":"[PubSubManager] adapter is not exist or not connected, cannot publish message to channel main.sync.data-source-main","extra":{},"meta":{},"module":"application","submodule":"","method":"","app":"main","reqId":"0bee1dfe-3ecf-4e3c-ad80-93e20b83393d","dataSourceKey":"main","timestamp":"2026-08-27 16:09:34"}
{"level":"warn","message":"[PubSubManager] adapter is not exist or not connected, cannot publish message to channel main.sync.data-source-main","extra":{},"meta":{},"module":"application","submodule":"","method":"","app":"main","reqId":"0bee1dfe-3ecf-4e3c-ad80-93e20b83393d","dataSourceKey":"main","timestamp":"2026-08-27 16:09:34"}
{"level":"warn","message":"[PubSubManager] adapter is not exist or not connected, cannot publish message to channel main.sync.data-source-main","extra":{},"meta":{},"module":"application","submodule":"","method":"","app":"main","reqId":"0bee1dfe-3ecf-4e3c-ad80-93e20b83393d","dataSourceKey":"main","timestamp":"2026-08-27 16:09:34"}
{"level":"warn","message":"[PubSubManager] adapter is not exist or not connected, cannot publish message to channel main.sync.data-source-main","extra":{},"meta":{},"module":"application","submodule":"","method":"","app":"main","reqId":"0bee1dfe-3ecf-4e3c-ad80-93e20b83393d","dataSourceKey":"main","timestamp":"2026-08-27 16:09:35"}
{"level":"warn","message":"[PubSubManager] adapter is not exist or not connected, cannot publish message to channel main.sync.data-source-main","extra":{},"meta":{},"module":"application","submodule":"","method":"","app":"main","reqId":"0bee1dfe-3ecf-4e3c-ad80-93e20b83393d","dataSourceKey":"main","timestamp":"2026-08-27 16:09:35"}
{"level":"warn","message":"[PubSubManager] adapter is not exist or not connected, cannot publish message to channel main.sync.data-source-main","extra":{},"meta":{},"module":"application","submodule":"","method":"","app":"main","reqId":"0bee1dfe-3ecf-4e3c-ad80-93e20b83393d","dataSourceKey":"main","timestamp":"2026-08-27 16:09:35"}
{"level":"warn","message":"[PubSubManager] adapter is not exist or not connected, cannot publish message to channel main.sync.data-source-main","extra":{},"meta":{},"module":"application","submodule":"","method":"","app":"main","reqId":"0bee1dfe-3ecf-4e3c-ad80-93e20b83393d","dataSourceKey":"main","timestamp":"2026-08-27 16:09:36"}
{"level":"warn","message":"[PubSubManager] adapter is not exist or not connected, cannot publish message to channel main.sync.data-source-main","extra":{},"meta":{},"module":"application","submodule":"","method":"","app":"main","reqId":"0bee1dfe-3ecf-4e3c-ad80-93e20b83393d","dataSourceKey":"main","timestamp":"2026-08-27 16:09:36"}
{"level":"warn","message":"[PubSubManager] adapter is not exist or not connected, cannot publish message to channel main.sync.data-source-main","extra":{},"meta":{},"module":"application","submodule":"","method":"","app":"main","reqId":"0bee1dfe-3ecf-4e3c-ad80-93e20b83393d","dataSourceKey":"main","timestamp":"2026-08-27 16:09:37"}
{"level":"warn","message":"[PubSubManager] adapter is not exist or not connected, cannot publish message to channel main.sync.data-source-main","extra":{},"meta":{},"module":"application","submodule":"","method":"","app":"main","reqId":"0bee1dfe-3ecf-4e3c-ad80-93e20b83393d","dataSourceKey":"main","timestamp":"2026-08-27 16:09:37"}
{"level":"warn","message":"[PubSubManager] adapter is not exist or not connected, cannot publish message to channel main.sync.data-source-main","extra":{},"meta":{},"module":"application","submodule":"","method":"","app":"main","reqId":"0bee1dfe-3ecf-4e3c-ad80-93e20b83393d","dataSourceKey":"main","timestamp":"2026-08-27 16:09:37"}
{"level":"warn","message":"[PubSubManager] adapter is not exist or not connected, cannot publish message to channel main.sync.data-source-main","extra":{},"meta":{},"module":"application","submodule":"","method":"","app":"main","reqId":"0bee1dfe-3ecf-4e3c-ad80-93e20b83393d","dataSourceKey":"main","timestamp":"2026-08-27 16:09:38"}
{"level":"warn","message":"[PubSubManager] adapter is not exist or not connected, cannot publish message to channel main.sync.data-source-main","extra":{},"meta":{},"module":"application","submodule":"","method":"","app":"main","reqId":"0bee1dfe-3ecf-4e3c-ad80-93e20b83393d","dataSourceKey":"main","timestamp":"2026-08-27 16:09:38"}
{"level":"warn","message":"[PubSubManager] adapter is not exist or not connected, cannot publish message to channel main.sync.data-source-main","extra":{},"meta":{},"module":"application","submodule":"","method":"","app":"main","reqId":"0bee1dfe-3ecf-4e3c-ad80-93e20b83393d","dataSourceKey":"main","timestamp":"2026-08-27 16:09:38"}
{"level":"warn","message":"[PubSubManager] adapter is not exist or not connected, cannot publish message to channel main.sync.data-source-main","extra":{},"meta":{},"module":"application","submodule":"","method":"","app":"main","reqId":"0bee1dfe-3ecf-4e3c-ad80-93e20b83393d","dataSourceKey":"main","timestamp":"2026-08-27 16:09:39"}
{"level":"warn","message":"[PubSubManager] adapter is not exist or not connected, cannot publish message to channel main.sync.data-source-main","extra":{},"meta":{},"module":"application","submodule":"","method":"","app":"main","reqId":"0bee1dfe-3ecf-4e3c-ad80-93e20b83393d","dataSourceKey":"main","timestamp":"2026-08-27 16:09:39"}
{"level":"warn","message":"[PubSubManager] adapter is not exist or not connected, cannot publish message to channel main.sync.data-source-main","extra":{},"meta":{},"module":"application","submodule":"","method":"","app":"main","reqId":"0bee1dfe-3ecf-4e3c-ad80-93e20b83393d","dataSourceKey":"main","timestamp":"2026-08-27 16:09:39"}
{"level":"warn","message":"[PubSubManager] adapter is not exist or not connected, cannot publish message to channel main.sync.data-source-main","extra":{},"meta":{},"module":"application","submodule":"","method":"","app":"main","reqId":"0bee1dfe-3ecf-4e3c-ad80-93e20b83393d","dataSourceKey":"main","timestamp":"2026-08-27 16:09:40"}
{"level":"warn","message":"[PubSubManager] adapter is not exist or not connected, cannot publish message to channel main.sync.data-source-main","extra":{},"meta":{},"module":"application","submodule":"","method":"","app":"main","reqId":"0bee1dfe-3ecf-4e3c-ad80-93e20b83393d","dataSourceKey":"main","timestamp":"2026-08-27 16:09:40"}
{"level":"warn","message":"[PubSubManager] adapter is not exist or not connected, cannot publish message to channel main.sync.data-source-main","extra":{},"meta":{},"module":"application","submodule":"","method":"","app":"main","reqId":"0bee1dfe-3ecf-4e3c-ad80-93e20b83393d","dataSourceKey":"main","timestamp":"2026-08-27 16:09:40"}
{"level":"warn","message":"[PubSubManager] adapter is not exist or not connected, cannot publish message to channel main.sync.data-source-main","extra":{},"meta":{},"module":"application","submodule":"","method":"","app":"main","reqId":"0bee1dfe-3ecf-4e3c-ad80-93e20b83393d","dataSourceKey":"main","timestamp":"2026-08-27 16:09:41"}
{"level":"warn","message":"[PubSubManager] adapter is not exist or not connected, cannot publish message to channel main.sync.data-source-main","extra":{},"meta":{},"module":"application","submodule":"","method":"","app":"main","reqId":"0bee1dfe-3ecf-4e3c-ad80-93e20b83393d","dataSourceKey":"main","timestamp":"2026-08-27 16:09:41"}
{"level":"warn","message":"[PubSubManager] adapter is not exist or not connected, cannot publish message to channel main.sync.data-source-main","extra":{},"meta":{},"module":"application","submodule":"","method":"","app":"main","reqId":"0bee1dfe-3ecf-4e3c-ad80-93e20b83393d","dataSourceKey":"main","timestamp":"2026-08-27 16:09:41"}
{"level":"warn","message":"[PubSubManager] adapter is not exist or not connected, cannot publish message to channel main.sync.data-source-main","extra":{},"meta":{},"module":"application","submodule":"","method":"","app":"main","reqId":"0bee1dfe-3ecf-4e3c-ad80-93e20b83393d","dataSourceKey":"main","timestamp":"2026-08-27 16:09:41"}
{"level":"warn","message":"[PubSubManager] adapter is not exist or not connected, cannot publish message to channel main.sync.data-source-main","extra":{},"meta":{},"module":"application","submodule":"","method":"","app":"main","reqId":"0bee1dfe-3ecf-4e3c-ad80-93e20b83393d","dataSourceKey":"main","timestamp":"2026-08-27 16:09:42"}
{"level":"warn","message":"[PubSubManager] adapter is not exist or not connected, cannot publish message to channel main.sync.data-source-main","extra":{},"meta":{},"module":"application","submodule":"","method":"","app":"main","reqId":"0bee1dfe-3ecf-4e3c-ad80-93e20b83393d","dataSourceKey":"main","timestamp":"2026-08-27 16:09:42"}
{"level":"warn","message":"[PubSubManager] adapter is not exist or not connected, cannot publish message to channel main.sync.data-source-main","extra":{},"meta":{},"module":"application","submodule":"","method":"","app":"main","reqId":"0bee1dfe-3ecf-4e3c-ad80-93e20b83393d","dataSourceKey":"main","timestamp":"2026-08-27 16:09:42"}
{"level":"warn","message":"[PubSubManager] adapter is not exist or not connected, cannot publish message to channel main.sync.data-source-main","extra":{},"meta":{},"module":"application","submodule":"","method":"","app":"main","reqId":"0bee1dfe-3ecf-4e3c-ad80-93e20b83393d","dataSourceKey":"main","timestamp":"2026-08-27 16:09:42"}
{"level":"warn","message":"[PubSubManager] adapter is not exist or not connected, cannot publish message to channel main.sync.data-source-main","extra":{},"meta":{},"module":"application","submodule":"","method":"","app":"main","reqId":"0bee1dfe-3ecf-4e3c-ad80-93e20b83393d","dataSourceKey":"main","timestamp":"2026-08-27 16:09:43"}
{"level":"warn","message":"[PubSubManager] adapter is not exist or not connected, cannot publish message to channel main.sync.data-source-main","extra":{},"meta":{},"module":"application","submodule":"","method":"","app":"main","reqId":"0bee1dfe-3ecf-4e3c-ad80-93e20b83393d","dataSourceKey":"main","timestamp":"2026-08-27 16:09:43"}
{"level":"warn","message":"[PubSubManager] adapter is not exist or not connected, cannot publish message to channel main.sync.data-source-main","extra":{},"meta":{},"module":"application","submodule":"","method":"","app":"main","reqId":"0bee1dfe-3ecf-4e3c-ad80-93e20b83393d","dataSourceKey":"main","timestamp":"2026-08-27 16:09:43"}
{"level":"warn","message":"[PubSubManager] adapter is not exist or not connected, cannot publish message to channel main.sync.data-source-main","extra":{},"meta":{},"module":"application","submodule":"","method":"","app":"main","reqId":"0bee1dfe-3ecf-4e3c-ad80-93e20b83393d","dataSourceKey":"main","timestamp":"2026-08-27 16:09:43"}
{"level":"warn","message":"[PubSubManager] adapter is not exist or not connected, cannot publish message to channel main.sync.data-source-main","extra":{},"meta":{},"module":"application","submodule":"","method":"","app":"main","reqId":"0bee1dfe-3ecf-4e3c-ad80-93e20b83393d","dataSourceKey":"main","timestamp":"2026-08-27 16:09:44"}
{"level":"warn","message":"[PubSubManager] adapter is not exist or not connected, cannot publish message to channel main.sync.data-source-main","extra":{},"meta":{},"module":"application","submodule":"","method":"","app":"main","reqId":"0bee1dfe-3ecf-4e3c-ad80-93e20b83393d","dataSourceKey":"main","timestamp":"2026-08-27 16:09:44"}
{"level":"warn","message":"[PubSubManager] adapter is not exist or not connected, cannot publish message to channel main.sync.data-source-main","extra":{},"meta":{},"module":"application","submodule":"","method":"","app":"main","reqId":"0bee1dfe-3ecf-4e3c-ad80-93e20b83393d","dataSourceKey":"main","timestamp":"2026-08-27 16:09:44"}
{"level":"warn","message":"[PubSubManager] adapter is not exist or not connected, cannot publish message to channel main.sync.data-source-main","extra":{},"meta":{},"module":"application","submodule":"","method":"","app":"main","reqId":"0bee1dfe-3ecf-4e3c-ad80-93e20b83393d","dataSourceKey":"main","timestamp":"2026-08-27 16:09:44"}
{"level":"warn","message":"[Workflow pre-action]: collection \"app\" not found","extra":{},"meta":{},"module":"app","submodule":"getLang","method":"","app":"main","reqId":"95d6a3a6-34ea-4e8d-8d2e-6df3513d1b86","dataSourceKey":"main","timestamp":"2026-08-27 16:09:52"}
{"level":"warn","message":"[Workflow pre-action]: collection \"pm\" not found","extra":{},"meta":{},"module":"pm","submodule":"listEnabled","method":"","app":"main","reqId":"2705b08f-31c0-4381-afe5-5722ec4ab4d2","dataSourceKey":"main","timestamp":"2026-08-27 16:09:52"}
{"level":"warn","message":"[Workflow pre-action]: collection \"auth\" not found","extra":{},"meta":{},"module":"auth","submodule":"check","method":"","app":"main","reqId":"2c215910-f54d-4c0d-853d-4ea079707976","dataSourceKey":"main","timestamp":"2026-08-27 16:09:53"}
{"level":"warn","message":"[Workflow pre-action]: collection \"myInAppMessages\" not found","extra":{},"meta":{},"module":"myInAppMessages","submodule":"count","method":"","app":"main","reqId":"78504403-04a2-4e67-85f3-5cba5b2f6faf","dataSourceKey":"main","timestamp":"2026-08-27 16:09:54"}
{"level":"warn","message":"[Workflow pre-action]: collection \"app\" not found","extra":{},"meta":{},"module":"app","submodule":"getInfo","method":"","app":"main","reqId":"7b597130-0f34-43c2-9a9e-840ef7b81901","dataSourceKey":"main","timestamp":"2026-08-27 16:09:54"}
{"level":"warn","message":"[Workflow pre-action]: collection \"auth\" not found","extra":{},"meta":{},"module":"auth","submodule":"signIn","method":"","app":"main","reqId":"de294cb8-7a99-444b-b07c-81d0ecfd3ba6","dataSourceKey":"main","timestamp":"2026-08-27 16:10:04"}
{"level":"warn","message":"[Workflow pre-action]: collection \"app\" not found","extra":{},"meta":{},"module":"app","submodule":"getLang","method":"","app":"main","reqId":"806a1c56-63f5-4ec2-99f2-2b27103ca3fd","dataSourceKey":"main","timestamp":"2026-08-27 16:10:36"}
{"level":"warn","message":"[Workflow pre-action]: collection \"pm\" not found","extra":{},"meta":{},"module":"pm","submodule":"listEnabled","method":"","app":"main","reqId":"576d3636-2c43-40b7-9ac1-828fed87273a","dataSourceKey":"main","timestamp":"2026-08-27 16:10:36"}
{"level":"warn","message":"[Workflow pre-action]: collection \"auth\" not found","extra":{},"meta":{},"module":"auth","submodule":"check","method":"","app":"main","reqId":"9c5b6f52-a4d7-4be4-8895-929330b51189","dataSourceKey":"main","timestamp":"2026-08-27 16:10:37"}
{"level":"warn","message":"[Workflow pre-action]: collection \"app\" not found","extra":{},"meta":{},"module":"app","submodule":"getInfo","method":"","app":"main","reqId":"90dc91fd-2012-4396-9647-933e05817f1f","dataSourceKey":"main","timestamp":"2026-08-27 16:10:38"}
{"level":"warn","message":"[Workflow pre-action]: collection \"myInAppMessages\" not found","extra":{},"meta":{},"module":"myInAppMessages","submodule":"count","method":"","app":"main","reqId":"643f51ca-68dc-4dd4-a640-0af89e18aa7b","dataSourceKey":"main","timestamp":"2026-08-27 16:10:38"}
{"level":"warn","message":"[Workflow pre-action]: collection \"app\" not found","extra":{},"meta":{},"module":"app","submodule":"getLang","method":"","app":"main","reqId":"1ca67a7f-9561-4797-9750-9a595346113e","dataSourceKey":"main","timestamp":"2026-08-27 16:11:25"}
{"level":"warn","message":"[Workflow pre-action]: collection \"pm\" not found","extra":{},"meta":{},"module":"pm","submodule":"listEnabled","method":"","app":"main","reqId":"3bec0e38-93b7-4ecf-a4f5-7de37d4ba111","dataSourceKey":"main","timestamp":"2026-08-27 16:11:25"}
{"level":"warn","message":"[Workflow pre-action]: collection \"auth\" not found","extra":{},"meta":{},"module":"auth","submodule":"check","method":"","app":"main","reqId":"edaa4d23-ed3a-450c-b04c-4fac7cabdda0","dataSourceKey":"main","timestamp":"2026-08-27 16:11:26"}
{"level":"warn","message":"[Workflow pre-action]: collection \"myInAppMessages\" not found","extra":{},"meta":{},"module":"myInAppMessages","submodule":"count","method":"","app":"main","reqId":"0d928a14-7abc-43cc-92d5-bce1d912642f","dataSourceKey":"main","timestamp":"2026-08-27 16:11:28"}
{"level":"warn","message":"[Workflow pre-action]: collection \"app\" not found","extra":{},"meta":{},"module":"app","submodule":"getInfo","method":"","app":"main","reqId":"f92c1ea0-7cb3-40da-8ce0-f5bb51c119ed","dataSourceKey":"main","timestamp":"2026-08-27 16:11:28"}
{"level":"warn","message":"[Workflow pre-action]: collection \"auth\" not found","extra":{},"meta":{},"module":"auth","submodule":"signIn","method":"","app":"main","reqId":"bc89d5de-6e5d-4da8-83a0-785e5300d47a","dataSourceKey":"main","timestamp":"2026-08-27 16:12:46"}
{"level":"warn","message":"[Workflow pre-action]: collection \"auth\" not found","extra":{},"meta":{},"module":"auth","submodule":"signIn","method":"","app":"main","reqId":"ec716d82-a3ba-4e89-8826-cb55fa46fbdf","dataSourceKey":"main","timestamp":"2026-08-27 16:13:08"}
{"level":"warn","message":"[Workflow pre-action]: collection \"app\" not found","extra":{},"meta":{},"module":"app","submodule":"getLang","method":"","app":"main","reqId":"73147812-19cd-4ef0-9914-2d0dc750b288","dataSourceKey":"main","timestamp":"2026-08-27 16:13:15"}
{"level":"warn","message":"[Workflow pre-action]: collection \"pm\" not found","extra":{},"meta":{},"module":"pm","submodule":"listEnabled","method":"","app":"main","reqId":"28b7d39d-98ac-493b-af78-0c93ed260f9b","dataSourceKey":"main","timestamp":"2026-08-27 16:13:15"}
{"level":"warn","message":"[Workflow pre-action]: collection \"auth\" not found","extra":{},"meta":{},"module":"auth","submodule":"check","method":"","app":"main","reqId":"3cb4da8c-e27d-425b-bb8a-59b80253ef6a","dataSourceKey":"main","timestamp":"2026-08-27 16:13:17"}
{"level":"warn","message":"[Workflow pre-action]: collection \"myInAppMessages\" not found","extra":{},"meta":{},"module":"myInAppMessages","submodule":"count","method":"","app":"main","reqId":"961fc0dc-2fd8-4d1c-87a6-2fea471fe700","dataSourceKey":"main","timestamp":"2026-08-27 16:13:18"}
{"level":"warn","message":"[Workflow pre-action]: collection \"app\" not found","extra":{},"meta":{},"module":"app","submodule":"getInfo","method":"","app":"main","reqId":"d7c63922-4731-44ad-ae19-d2d56b8e945c","dataSourceKey":"main","timestamp":"2026-08-27 16:13:19"}
{"level":"warn","message":"[Workflow pre-action]: collection \"app\" not found","extra":{},"meta":{},"module":"app","submodule":"getLang","method":"","app":"main","reqId":"b0a92d77-e4be-43a5-9e89-6df16ea7fbd5","dataSourceKey":"main","timestamp":"2026-08-27 16:18:11"}
{"level":"warn","message":"[Workflow pre-action]: collection \"pm\" not found","extra":{},"meta":{},"module":"pm","submodule":"listEnabled","method":"","app":"main","reqId":"b7864c7b-c99e-4f90-b3dd-4ce7f694c936","dataSourceKey":"main","timestamp":"2026-08-27 16:18:11"}
{"level":"warn","message":"[Workflow pre-action]: collection \"auth\" not found","extra":{},"meta":{},"module":"auth","submodule":"check","method":"","app":"main","reqId":"2f2b3fdb-c7bd-4bd0-829c-c759152c15c0","dataSourceKey":"main","timestamp":"2026-08-27 16:18:12"}
{"level":"warn","message":"[Workflow pre-action]: collection \"myInAppMessages\" not found","extra":{},"meta":{},"module":"myInAppMessages","submodule":"count","method":"","app":"main","reqId":"d608c26f-eda6-4b79-b796-66ac85dc1ea8","dataSourceKey":"main","timestamp":"2026-08-27 16:18:13"}
{"level":"warn","message":"[Workflow pre-action]: collection \"app\" not found","extra":{},"meta":{},"module":"app","submodule":"getInfo","method":"","app":"main","reqId":"8e560a91-7105-4c02-90ef-7d6506eeb399","dataSourceKey":"main","timestamp":"2026-08-27 16:18:14"}
{"level":"info","message":"run static import","extra":{"packageName":"@nocobase/plugin-backups"},"meta":{"packageName":"@nocobase/plugin-backups"},"module":"cli","submodule":"","method":"","app":"main","dataSourceKey":"main","timestamp":"2026-08-27 16:19:32"}
{"level":"info","message":"run static import","extra":{"packageName":"@nocobase/plugin-file-manager"},"meta":{"packageName":"@nocobase/plugin-file-manager"},"module":"cli","submodule":"","method":"","app":"main","dataSourceKey":"main","timestamp":"2026-08-27 16:19:32"}
{"level":"info","message":"run static import","extra":{"packageName":"@nocobase/plugin-multi-app-manager"},"meta":{"packageName":"@nocobase/plugin-multi-app-manager"},"module":"cli","submodule":"","method":"","app":"main","dataSourceKey":"main","timestamp":"2026-08-27 16:19:35"}
{"level":"info","message":"App supervisor initialized","extra":{"discoveryAdapter":"legacy","processAdapter":"legacy","commandAdapter":""},"meta":{"discoveryAdapter":"legacy","processAdapter":"legacy","commandAdapter":""},"module":"app-supervisor","submodule":"","method":"","app":"main","dataSourceKey":"main","timestamp":"2026-08-27 16:19:35"}
{"level":"info","message":"connection has been established successfully.","extra":{"method":"auth"},"meta":{},"module":"database","submodule":"","method":"auth","app":"main","reqId":"9119c2a8-7c98-4abd-9fb2-8ae3f084a7c7","dataSourceKey":"main","timestamp":"2026-08-27 16:19:35"}
{"level":"info","message":"[queue] gracefully shutting down...","extra":{},"meta":{},"module":"application","submodule":"","method":"","app":"main","reqId":"9119c2a8-7c98-4abd-9fb2-8ae3f084a7c7","dataSourceKey":"main","timestamp":"2026-08-27 16:19:35"}
2026-08-27 16:19:37 [info] Generating InstanceID... 
2026-08-27 16:19:37 [info] InstanceID already exists at /app/nocobase/storage/.license/instance-id 
2026-08-27 16:19:40 [info] License key not found 
{"level":"info","message":"run static import","extra":{"packageName":"@nocobase/plugin-backups"},"meta":{"packageName":"@nocobase/plugin-backups"},"module":"cli","submodule":"","method":"","app":"main","dataSourceKey":"main","timestamp":"2026-08-27 16:19:50"}
{"level":"info","message":"run static import","extra":{"packageName":"@nocobase/plugin-file-manager"},"meta":{"packageName":"@nocobase/plugin-file-manager"},"module":"cli","submodule":"","method":"","app":"main","dataSourceKey":"main","timestamp":"2026-08-27 16:19:50"}
{"level":"info","message":"run static import","extra":{"packageName":"@nocobase/plugin-multi-app-manager"},"meta":{"packageName":"@nocobase/plugin-multi-app-manager"},"module":"cli","submodule":"","method":"","app":"main","dataSourceKey":"main","timestamp":"2026-08-27 16:19:53"}
{"level":"info","message":"App supervisor initialized","extra":{"discoveryAdapter":"legacy","processAdapter":"legacy","commandAdapter":""},"meta":{"discoveryAdapter":"legacy","processAdapter":"legacy","commandAdapter":""},"module":"app-supervisor","submodule":"","method":"","app":"main","dataSourceKey":"main","timestamp":"2026-08-27 16:19:53"}
{"level":"info","message":"connection has been established successfully.","extra":{"method":"auth"},"meta":{},"module":"database","submodule":"","method":"auth","app":"main","reqId":"8321eaf9-01d8-4c71-af55-737719ea831b","dataSourceKey":"main","timestamp":"2026-08-27 16:19:54"}
{"level":"info","message":"upgrading...","extra":{},"meta":{},"module":"application","submodule":"","method":"","app":"main","reqId":"8321eaf9-01d8-4c71-af55-737719ea831b","dataSourceKey":"main","timestamp":"2026-08-27 16:19:54"}
{"level":"error","message":"","extra":{"method":"responseErrorWithCode","code":"commanding","error":{"status":503,"maintaining":true,"message":"","command":{"name":"start"},"code":"APP_COMMANDING"},"statusCode":200,"appName":"main"},"meta":{"code":"commanding","error":{"status":503,"maintaining":true,"message":"","command":{"name":"start"},"code":"APP_COMMANDING"},"statusCode":200,"appName":"main"},"module":"gateway","submodule":"","method":"responseErrorWithCode","app":"main","reqId":"7dd4c3f4-829a-4c2c-875c-c63002f7c4fb","dataSourceKey":"main","timestamp":"2026-08-27 16:19:54"}
{"level":"info","message":"run upgrade","extra":{},"meta":{},"module":"application","submodule":"","method":"","app":"main","reqId":"8321eaf9-01d8-4c71-af55-737719ea831b","dataSourceKey":"main","timestamp":"2026-08-27 16:19:55"}
{"level":"info","message":"update built-in plugins","extra":{},"meta":{},"module":"nocobase","submodule":"","method":"","app":"main","reqId":"8321eaf9-01d8-4c71-af55-737719ea831b","dataSourceKey":"main","timestamp":"2026-08-27 16:19:55"}
{"level":"info","message":"allocate worker id: 26","extra":{"method":"load"},"meta":{},"module":"application","submodule":"","method":"load","app":"main","reqId":"8321eaf9-01d8-4c71-af55-737719ea831b","dataSourceKey":"main","timestamp":"2026-08-27 16:19:56"}
{"level":"error","message":"load plugin [action-print], 8/75","extra":{"method":"responseErrorWithCode","code":"commanding","error":{"status":503,"maintaining":true,"message":"load plugin [action-print], 8/75","command":{"name":"start"},"code":"APP_COMMANDING"},"statusCode":200,"appName":"main"},"meta":{"code":"commanding","error":{"status":503,"maintaining":true,"message":"load plugin [action-print], 8/75","command":{"name":"start"},"code":"APP_COMMANDING"},"statusCode":200,"appName":"main"},"module":"gateway","submodule":"","method":"responseErrorWithCode","app":"main","reqId":"8d287cc8-5ed4-4bef-86ae-1df5b044a080","dataSourceKey":"main","timestamp":"2026-08-27 16:19:56"}
{"level":"info","message":"tools [getCollectionMetadata] registered from plugin [data-source-manager]","extra":{},"meta":{},"module":"data-source-manager","submodule":"","method":"","app":"main","reqId":"8321eaf9-01d8-4c71-af55-737719ea831b","dataSourceKey":"main","timestamp":"2026-08-27 16:19:57"}
{"level":"info","message":"tools [getCollectionNames] registered from plugin [data-source-manager]","extra":{},"meta":{},"module":"data-source-manager","submodule":"","method":"","app":"main","reqId":"8321eaf9-01d8-4c71-af55-737719ea831b","dataSourceKey":"main","timestamp":"2026-08-27 16:19:57"}
{"level":"info","message":"tools [getDataSources] registered from plugin [data-source-manager]","extra":{},"meta":{},"module":"data-source-manager","submodule":"","method":"","app":"main","reqId":"8321eaf9-01d8-4c71-af55-737719ea831b","dataSourceKey":"main","timestamp":"2026-08-27 16:19:57"}
{"level":"info","message":"tools [searchFieldMetadata] registered from plugin [data-source-manager]","extra":{},"meta":{},"module":"data-source-manager","submodule":"","method":"","app":"main","reqId":"8321eaf9-01d8-4c71-af55-737719ea831b","dataSourceKey":"main","timestamp":"2026-08-27 16:19:57"}
{"level":"info","message":"tools [dataQuery] registered from plugin [data-source-manager]","extra":{},"meta":{},"module":"data-source-manager","submodule":"","method":"","app":"main","reqId":"8321eaf9-01d8-4c71-af55-737719ea831b","dataSourceKey":"main","timestamp":"2026-08-27 16:19:57"}
{"level":"info","message":"tools [dataSourceCounting] registered from plugin [data-source-manager]","extra":{},"meta":{},"module":"data-source-manager","submodule":"","method":"","app":"main","reqId":"8321eaf9-01d8-4c71-af55-737719ea831b","dataSourceKey":"main","timestamp":"2026-08-27 16:19:57"}
{"level":"info","message":"tools [dataSourceQuery] registered from plugin [data-source-manager]","extra":{},"meta":{},"module":"data-source-manager","submodule":"","method":"","app":"main","reqId":"8321eaf9-01d8-4c71-af55-737719ea831b","dataSourceKey":"main","timestamp":"2026-08-27 16:19:57"}
{"level":"info","message":"tools [defineCollections] registered from plugin [data-source-manager]","extra":{},"meta":{},"module":"data-source-manager","submodule":"","method":"","app":"main","reqId":"8321eaf9-01d8-4c71-af55-737719ea831b","dataSourceKey":"main","timestamp":"2026-08-27 16:19:57"}
{"level":"info","message":"tools [intentRouter] registered from plugin [data-source-manager]","extra":{},"meta":{},"module":"data-source-manager","submodule":"","method":"","app":"main","reqId":"8321eaf9-01d8-4c71-af55-737719ea831b","dataSourceKey":"main","timestamp":"2026-08-27 16:19:57"}
{"level":"info","message":"tools [getContextApis] registered from plugin [flow-engine]","extra":{},"meta":{},"module":"flow-engine","submodule":"","method":"","app":"main","reqId":"8321eaf9-01d8-4c71-af55-737719ea831b","dataSourceKey":"main","timestamp":"2026-08-27 16:19:57"}
{"level":"info","message":"tools [getContextEnvs] registered from plugin [flow-engine]","extra":{},"meta":{},"module":"flow-engine","submodule":"","method":"","app":"main","reqId":"8321eaf9-01d8-4c71-af55-737719ea831b","dataSourceKey":"main","timestamp":"2026-08-27 16:19:57"}
{"level":"info","message":"tools [getContextVars] registered from plugin [flow-engine]","extra":{},"meta":{},"module":"flow-engine","submodule":"","method":"","app":"main","reqId":"8321eaf9-01d8-4c71-af55-737719ea831b","dataSourceKey":"main","timestamp":"2026-08-27 16:19:57"}
{"level":"info","message":"tools [lintAndTestJS] registered from plugin [flow-engine]","extra":{},"meta":{},"module":"flow-engine","submodule":"","method":"","app":"main","reqId":"8321eaf9-01d8-4c71-af55-737719ea831b","dataSourceKey":"main","timestamp":"2026-08-27 16:19:57"}
{"level":"info","message":"tools [patchJSCode] registered from plugin [flow-engine]","extra":{},"meta":{},"module":"flow-engine","submodule":"","method":"","app":"main","reqId":"8321eaf9-01d8-4c71-af55-737719ea831b","dataSourceKey":"main","timestamp":"2026-08-27 16:19:57"}
{"level":"info","message":"tools [readJSCode] registered from plugin [flow-engine]","extra":{},"meta":{},"module":"flow-engine","submodule":"","method":"","app":"main","reqId":"8321eaf9-01d8-4c71-af55-737719ea831b","dataSourceKey":"main","timestamp":"2026-08-27 16:19:57"}
{"level":"info","message":"tools [writeJSCode] registered from plugin [flow-engine]","extra":{},"meta":{},"module":"flow-engine","submodule":"","method":"","app":"main","reqId":"8321eaf9-01d8-4c71-af55-737719ea831b","dataSourceKey":"main","timestamp":"2026-08-27 16:19:57"}
{"level":"info","message":"ai employee [nathan] registered from plugin [flow-engine]","extra":{},"meta":{},"module":"flow-engine","submodule":"","method":"","app":"main","reqId":"8321eaf9-01d8-4c71-af55-737719ea831b","dataSourceKey":"main","timestamp":"2026-08-27 16:19:57"}
{"level":"info","message":"tools [chartGenerator] registered from plugin [ai]","extra":{},"meta":{},"module":"ai","submodule":"","method":"","app":"main","reqId":"8321eaf9-01d8-4c71-af55-737719ea831b","dataSourceKey":"main","timestamp":"2026-08-27 16:19:58"}
{"level":"info","message":"tools [formFiller] registered from plugin [ai]","extra":{},"meta":{},"module":"ai","submodule":"","method":"","app":"main","reqId":"8321eaf9-01d8-4c71-af55-737719ea831b","dataSourceKey":"main","timestamp":"2026-08-27 16:19:58"}
{"level":"info","message":"tools [getSkill] registered from plugin [ai]","extra":{},"meta":{},"module":"ai","submodule":"","method":"","app":"main","reqId":"8321eaf9-01d8-4c71-af55-737719ea831b","dataSourceKey":"main","timestamp":"2026-08-27 16:19:58"}
{"level":"info","message":"tools [knowledge-base-retrieve] registered from plugin [ai]","extra":{},"meta":{},"module":"ai","submodule":"","method":"","app":"main","reqId":"8321eaf9-01d8-4c71-af55-737719ea831b","dataSourceKey":"main","timestamp":"2026-08-27 16:19:58"}
{"level":"info","message":"tools [subAgentWebSearch] registered from plugin [ai]","extra":{},"meta":{},"module":"ai","submodule":"","method":"","app":"main","reqId":"8321eaf9-01d8-4c71-af55-737719ea831b","dataSourceKey":"main","timestamp":"2026-08-27 16:19:58"}
{"level":"info","message":"tools [suggestions] registered from plugin [ai]","extra":{},"meta":{},"module":"ai","submodule":"","method":"","app":"main","reqId":"8321eaf9-01d8-4c71-af55-737719ea831b","dataSourceKey":"main","timestamp":"2026-08-27 16:19:58"}
{"level":"info","message":"tools [dispatch-sub-agent-task] registered from plugin [ai]","extra":{},"meta":{},"module":"ai","submodule":"","method":"","app":"main","reqId":"8321eaf9-01d8-4c71-af55-737719ea831b","dataSourceKey":"main","timestamp":"2026-08-27 16:19:58"}
{"level":"info","message":"tools [get-ai-employee] registered from plugin [ai]","extra":{},"meta":{},"module":"ai","submodule":"","method":"","app":"main","reqId":"8321eaf9-01d8-4c71-af55-737719ea831b","dataSourceKey":"main","timestamp":"2026-08-27 16:19:58"}
{"level":"info","message":"tools [list-ai-employees] registered from plugin [ai]","extra":{},"meta":{},"module":"ai","submodule":"","method":"","app":"main","reqId":"8321eaf9-01d8-4c71-af55-737719ea831b","dataSourceKey":"main","timestamp":"2026-08-27 16:19:58"}
{"level":"warn","message":"tools [shared] register ignored: ToolsOptions not export as default at /app/nocobase/node_modules/@nocobase/plugin-ai/dist/ai/tools/sub-agents/shared.js","extra":{},"meta":{},"module":"ai","submodule":"","method":"","app":"main","reqId":"8321eaf9-01d8-4c71-af55-737719ea831b","dataSourceKey":"main","timestamp":"2026-08-27 16:19:58"}
{"level":"info","message":"tools [businessReportGenerator] registered from plugin [ai]","extra":{},"meta":{},"module":"ai","submodule":"","method":"","app":"main","reqId":"8321eaf9-01d8-4c71-af55-737719ea831b","dataSourceKey":"main","timestamp":"2026-08-27 16:19:58"}
{"level":"info","message":"ai employee [dara] registered from plugin [ai]","extra":{},"meta":{},"module":"ai","submodule":"","method":"","app":"main","reqId":"8321eaf9-01d8-4c71-af55-737719ea831b","dataSourceKey":"main","timestamp":"2026-08-27 16:19:58"}
{"level":"info","message":"ai employee [dex] registered from plugin [ai]","extra":{},"meta":{},"module":"ai","submodule":"","method":"","app":"main","reqId":"8321eaf9-01d8-4c71-af55-737719ea831b","dataSourceKey":"main","timestamp":"2026-08-27 16:19:58"}
{"level":"info","message":"ai employee [ellis] registered from plugin [ai]","extra":{},"meta":{},"module":"ai","submodule":"","method":"","app":"main","reqId":"8321eaf9-01d8-4c71-af55-737719ea831b","dataSourceKey":"main","timestamp":"2026-08-27 16:19:58"}
{"level":"info","message":"ai employee [lexi] registered from plugin [ai]","extra":{},"meta":{},"module":"ai","submodule":"","method":"","app":"main","reqId":"8321eaf9-01d8-4c71-af55-737719ea831b","dataSourceKey":"main","timestamp":"2026-08-27 16:19:58"}
{"level":"info","message":"ai employee [vera] registered from plugin [ai]","extra":{},"meta":{},"module":"ai","submodule":"","method":"","app":"main","reqId":"8321eaf9-01d8-4c71-af55-737719ea831b","dataSourceKey":"main","timestamp":"2026-08-27 16:19:58"}
{"level":"info","message":"ai employee [viz] registered from plugin [ai]","extra":{},"meta":{},"module":"ai","submodule":"","method":"","app":"main","reqId":"8321eaf9-01d8-4c71-af55-737719ea831b","dataSourceKey":"main","timestamp":"2026-08-27 16:19:58"}
{"level":"info","message":"ai employee [atlas] registered from plugin [ai]","extra":{},"meta":{},"module":"ai","submodule":"","method":"","app":"main","reqId":"8321eaf9-01d8-4c71-af55-737719ea831b","dataSourceKey":"main","timestamp":"2026-08-27 16:19:58"}
{"level":"error","message":"load plugin [workflow-manual], 63/75","extra":{"method":"responseErrorWithCode","code":"commanding","error":{"status":503,"maintaining":true,"message":"load plugin [workflow-manual], 63/75","command":{"name":"start"},"code":"APP_COMMANDING"},"statusCode":200,"appName":"main"},"meta":{"code":"commanding","error":{"status":503,"maintaining":true,"message":"load plugin [workflow-manual], 63/75","command":{"name":"start"},"code":"APP_COMMANDING"},"statusCode":200,"appName":"main"},"module":"gateway","submodule":"","method":"responseErrorWithCode","app":"main","reqId":"ce4628c8-fb9b-48e6-ab7f-9f15b6a18eb6","dataSourceKey":"main","timestamp":"2026-08-27 16:19:58"}
{"level":"error","message":"plugins loaded","extra":{"method":"responseErrorWithCode","code":"commanding","error":{"status":503,"maintaining":true,"message":"plugins loaded","command":{"name":"start"},"code":"APP_COMMANDING"},"statusCode":200,"appName":"main"},"meta":{"code":"commanding","error":{"status":503,"maintaining":true,"message":"plugins loaded","command":{"name":"start"},"code":"APP_COMMANDING"},"statusCode":200,"appName":"main"},"module":"gateway","submodule":"","method":"responseErrorWithCode","app":"main","reqId":"684ccd3c-b586-456c-9425-2f1efd41c7fc","dataSourceKey":"main","timestamp":"2026-08-27 16:20:00"}
{"level":"error","message":"plugins loaded","extra":{"method":"responseErrorWithCode","code":"commanding","error":{"status":503,"maintaining":true,"message":"plugins loaded","command":{"name":"start"},"code":"APP_COMMANDING"},"statusCode":200,"appName":"main"},"meta":{"code":"commanding","error":{"status":503,"maintaining":true,"message":"plugins loaded","command":{"name":"start"},"code":"APP_COMMANDING"},"statusCode":200,"appName":"main"},"module":"gateway","submodule":"","method":"responseErrorWithCode","app":"main","reqId":"133dd75b-2373-4770-9027-e0f65f0e6ead","dataSourceKey":"main","timestamp":"2026-08-27 16:20:02"}
{"level":"info","message":"Removed AI employee with username \"cole\"","extra":{},"meta":{},"module":"application","submodule":"","method":"","app":"main","reqId":"8321eaf9-01d8-4c71-af55-737719ea831b","dataSourceKey":"main","timestamp":"2026-08-27 16:20:04"}
{"level":"info","message":"Update AI employee orin, nathan, dara`s category to \"developer\"","extra":{},"meta":{},"module":"application","submodule":"","method":"","app":"main","reqId":"8321eaf9-01d8-4c71-af55-737719ea831b","dataSourceKey":"main","timestamp":"2026-08-27 16:20:04"}
{"level":"info","message":"Update AI employee orin to deprecated","extra":{},"meta":{},"module":"application","submodule":"","method":"","app":"main","reqId":"8321eaf9-01d8-4c71-af55-737719ea831b","dataSourceKey":"main","timestamp":"2026-08-27 16:20:04"}
{"level":"info","message":"run upgrade","extra":{},"meta":{},"module":"application","submodule":"","method":"","app":"main","reqId":"8321eaf9-01d8-4c71-af55-737719ea831b","dataSourceKey":"main","timestamp":"2026-08-27 16:20:04"}
{"level":"error","message":"locale resource loaded","extra":{"method":"responseErrorWithCode","code":"commanding","error":{"status":503,"maintaining":true,"message":"locale resource loaded","command":{"name":"start"},"code":"APP_COMMANDING"},"statusCode":200,"appName":"main"},"meta":{"code":"commanding","error":{"status":503,"maintaining":true,"message":"locale resource loaded","command":{"name":"start"},"code":"APP_COMMANDING"},"statusCode":200,"appName":"main"},"module":"gateway","submodule":"","method":"responseErrorWithCode","app":"main","reqId":"f7a5b49b-a90c-4b2f-be69-143333576b8e","dataSourceKey":"main","timestamp":"2026-08-27 16:20:04"}
{"level":"info","message":"restarting...","extra":{},"meta":{},"module":"application","submodule":"","method":"","app":"main","reqId":"8321eaf9-01d8-4c71-af55-737719ea831b","dataSourceKey":"main","timestamp":"2026-08-27 16:20:05"}
{"level":"info","message":"stopping workflow plugin before app (main) shutdown...","extra":{},"meta":{},"module":"application","submodule":"","method":"","app":"main","reqId":"8321eaf9-01d8-4c71-af55-737719ea831b","dataSourceKey":"main","timestamp":"2026-08-27 16:20:05"}
{"level":"info","message":"app.reload()","extra":{"method":"load"},"meta":{},"module":"application","submodule":"","method":"load","app":"main","reqId":"8321eaf9-01d8-4c71-af55-737719ea831b","dataSourceKey":"main","timestamp":"2026-08-27 16:20:05"}
{"level":"info","message":"allocate worker id: 1","extra":{"method":"load"},"meta":{},"module":"application","submodule":"","method":"load","app":"main","reqId":"8321eaf9-01d8-4c71-af55-737719ea831b","dataSourceKey":"main","timestamp":"2026-08-27 16:20:05"}
{"level":"warn","message":"AsyncTaskManager already exists, skipping initialization.","extra":{},"meta":{},"module":"application","submodule":"","method":"","app":"main","reqId":"8321eaf9-01d8-4c71-af55-737719ea831b","dataSourceKey":"main","timestamp":"2026-08-27 16:20:05"}
{"level":"info","message":"tools [getCollectionMetadata] registered from plugin [data-source-manager]","extra":{},"meta":{},"module":"data-source-manager","submodule":"","method":"","app":"main","reqId":"8321eaf9-01d8-4c71-af55-737719ea831b","dataSourceKey":"main","timestamp":"2026-08-27 16:20:05"}
{"level":"info","message":"tools [getCollectionNames] registered from plugin [data-source-manager]","extra":{},"meta":{},"module":"data-source-manager","submodule":"","method":"","app":"main","reqId":"8321eaf9-01d8-4c71-af55-737719ea831b","dataSourceKey":"main","timestamp":"2026-08-27 16:20:05"}
{"level":"info","message":"tools [getDataSources] registered from plugin [data-source-manager]","extra":{},"meta":{},"module":"data-source-manager","submodule":"","method":"","app":"main","reqId":"8321eaf9-01d8-4c71-af55-737719ea831b","dataSourceKey":"main","timestamp":"2026-08-27 16:20:05"}
{"level":"info","message":"tools [searchFieldMetadata] registered from plugin [data-source-manager]","extra":{},"meta":{},"module":"data-source-manager","submodule":"","method":"","app":"main","reqId":"8321eaf9-01d8-4c71-af55-737719ea831b","dataSourceKey":"main","timestamp":"2026-08-27 16:20:05"}
{"level":"info","message":"tools [dataQuery] registered from plugin [data-source-manager]","extra":{},"meta":{},"module":"data-source-manager","submodule":"","method":"","app":"main","reqId":"8321eaf9-01d8-4c71-af55-737719ea831b","dataSourceKey":"main","timestamp":"2026-08-27 16:20:05"}
{"level":"info","message":"tools [dataSourceCounting] registered from plugin [data-source-manager]","extra":{},"meta":{},"module":"data-source-manager","submodule":"","method":"","app":"main","reqId":"8321eaf9-01d8-4c71-af55-737719ea831b","dataSourceKey":"main","timestamp":"2026-08-27 16:20:05"}
{"level":"info","message":"tools [dataSourceQuery] registered from plugin [data-source-manager]","extra":{},"meta":{},"module":"data-source-manager","submodule":"","method":"","app":"main","reqId":"8321eaf9-01d8-4c71-af55-737719ea831b","dataSourceKey":"main","timestamp":"2026-08-27 16:20:05"}
{"level":"info","message":"tools [defineCollections] registered from plugin [data-source-manager]","extra":{},"meta":{},"module":"data-source-manager","submodule":"","method":"","app":"main","reqId":"8321eaf9-01d8-4c71-af55-737719ea831b","dataSourceKey":"main","timestamp":"2026-08-27 16:20:05"}
{"level":"info","message":"tools [intentRouter] registered from plugin [data-source-manager]","extra":{},"meta":{},"module":"data-source-manager","submodule":"","method":"","app":"main","reqId":"8321eaf9-01d8-4c71-af55-737719ea831b","dataSourceKey":"main","timestamp":"2026-08-27 16:20:05"}
{"level":"info","message":"tools [getContextApis] registered from plugin [flow-engine]","extra":{},"meta":{},"module":"flow-engine","submodule":"","method":"","app":"main","reqId":"8321eaf9-01d8-4c71-af55-737719ea831b","dataSourceKey":"main","timestamp":"2026-08-27 16:20:06"}
{"level":"info","message":"tools [getContextEnvs] registered from plugin [flow-engine]","extra":{},"meta":{},"module":"flow-engine","submodule":"","method":"","app":"main","reqId":"8321eaf9-01d8-4c71-af55-737719ea831b","dataSourceKey":"main","timestamp":"2026-08-27 16:20:06"}
{"level":"info","message":"tools [getContextVars] registered from plugin [flow-engine]","extra":{},"meta":{},"module":"flow-engine","submodule":"","method":"","app":"main","reqId":"8321eaf9-01d8-4c71-af55-737719ea831b","dataSourceKey":"main","timestamp":"2026-08-27 16:20:06"}
{"level":"info","message":"tools [lintAndTestJS] registered from plugin [flow-engine]","extra":{},"meta":{},"module":"flow-engine","submodule":"","method":"","app":"main","reqId":"8321eaf9-01d8-4c71-af55-737719ea831b","dataSourceKey":"main","timestamp":"2026-08-27 16:20:06"}
{"level":"info","message":"tools [patchJSCode] registered from plugin [flow-engine]","extra":{},"meta":{},"module":"flow-engine","submodule":"","method":"","app":"main","reqId":"8321eaf9-01d8-4c71-af55-737719ea831b","dataSourceKey":"main","timestamp":"2026-08-27 16:20:06"}
{"level":"info","message":"tools [readJSCode] registered from plugin [flow-engine]","extra":{},"meta":{},"module":"flow-engine","submodule":"","method":"","app":"main","reqId":"8321eaf9-01d8-4c71-af55-737719ea831b","dataSourceKey":"main","timestamp":"2026-08-27 16:20:06"}
{"level":"info","message":"tools [writeJSCode] registered from plugin [flow-engine]","extra":{},"meta":{},"module":"flow-engine","submodule":"","method":"","app":"main","reqId":"8321eaf9-01d8-4c71-af55-737719ea831b","dataSourceKey":"main","timestamp":"2026-08-27 16:20:06"}
{"level":"info","message":"ai employee [nathan] registered from plugin [flow-engine]","extra":{},"meta":{},"module":"flow-engine","submodule":"","method":"","app":"main","reqId":"8321eaf9-01d8-4c71-af55-737719ea831b","dataSourceKey":"main","timestamp":"2026-08-27 16:20:06"}
{"level":"info","message":"tools [chartGenerator] registered from plugin [ai]","extra":{},"meta":{},"module":"ai","submodule":"","method":"","app":"main","reqId":"8321eaf9-01d8-4c71-af55-737719ea831b","dataSourceKey":"main","timestamp":"2026-08-27 16:20:06"}
{"level":"info","message":"tools [formFiller] registered from plugin [ai]","extra":{},"meta":{},"module":"ai","submodule":"","method":"","app":"main","reqId":"8321eaf9-01d8-4c71-af55-737719ea831b","dataSourceKey":"main","timestamp":"2026-08-27 16:20:06"}
{"level":"info","message":"tools [getSkill] registered from plugin [ai]","extra":{},"meta":{},"module":"ai","submodule":"","method":"","app":"main","reqId":"8321eaf9-01d8-4c71-af55-737719ea831b","dataSourceKey":"main","timestamp":"2026-08-27 16:20:06"}
{"level":"info","message":"tools [knowledge-base-retrieve] registered from plugin [ai]","extra":{},"meta":{},"module":"ai","submodule":"","method":"","app":"main","reqId":"8321eaf9-01d8-4c71-af55-737719ea831b","dataSourceKey":"main","timestamp":"2026-08-27 16:20:06"}
{"level":"info","message":"tools [subAgentWebSearch] registered from plugin [ai]","extra":{},"meta":{},"module":"ai","submodule":"","method":"","app":"main","reqId":"8321eaf9-01d8-4c71-af55-737719ea831b","dataSourceKey":"main","timestamp":"2026-08-27 16:20:06"}
{"level":"info","message":"tools [suggestions] registered from plugin [ai]","extra":{},"meta":{},"module":"ai","submodule":"","method":"","app":"main","reqId":"8321eaf9-01d8-4c71-af55-737719ea831b","dataSourceKey":"main","timestamp":"2026-08-27 16:20:06"}
{"level":"info","message":"tools [dispatch-sub-agent-task] registered from plugin [ai]","extra":{},"meta":{},"module":"ai","submodule":"","method":"","app":"main","reqId":"8321eaf9-01d8-4c71-af55-737719ea831b","dataSourceKey":"main","timestamp":"2026-08-27 16:20:06"}
{"level":"info","message":"tools [get-ai-employee] registered from plugin [ai]","extra":{},"meta":{},"module":"ai","submodule":"","method":"","app":"main","reqId":"8321eaf9-01d8-4c71-af55-737719ea831b","dataSourceKey":"main","timestamp":"2026-08-27 16:20:06"}
{"level":"info","message":"tools [list-ai-employees] registered from plugin [ai]","extra":{},"meta":{},"module":"ai","submodule":"","method":"","app":"main","reqId":"8321eaf9-01d8-4c71-af55-737719ea831b","dataSourceKey":"main","timestamp":"2026-08-27 16:20:06"}
{"level":"warn","message":"tools [shared] register ignored: ToolsOptions not export as default at /app/nocobase/node_modules/@nocobase/plugin-ai/dist/ai/tools/sub-agents/shared.js","extra":{},"meta":{},"module":"ai","submodule":"","method":"","app":"main","reqId":"8321eaf9-01d8-4c71-af55-737719ea831b","dataSourceKey":"main","timestamp":"2026-08-27 16:20:06"}
{"level":"info","message":"tools [businessReportGenerator] registered from plugin [ai]","extra":{},"meta":{},"module":"ai","submodule":"","method":"","app":"main","reqId":"8321eaf9-01d8-4c71-af55-737719ea831b","dataSourceKey":"main","timestamp":"2026-08-27 16:20:06"}
{"level":"info","message":"ai employee [dara] registered from plugin [ai]","extra":{},"meta":{},"module":"ai","submodule":"","method":"","app":"main","reqId":"8321eaf9-01d8-4c71-af55-737719ea831b","dataSourceKey":"main","timestamp":"2026-08-27 16:20:06"}
{"level":"info","message":"ai employee [dex] registered from plugin [ai]","extra":{},"meta":{},"module":"ai","submodule":"","method":"","app":"main","reqId":"8321eaf9-01d8-4c71-af55-737719ea831b","dataSourceKey":"main","timestamp":"2026-08-27 16:20:06"}
{"level":"info","message":"ai employee [ellis] registered from plugin [ai]","extra":{},"meta":{},"module":"ai","submodule":"","method":"","app":"main","reqId":"8321eaf9-01d8-4c71-af55-737719ea831b","dataSourceKey":"main","timestamp":"2026-08-27 16:20:06"}
{"level":"info","message":"ai employee [lexi] registered from plugin [ai]","extra":{},"meta":{},"module":"ai","submodule":"","method":"","app":"main","reqId":"8321eaf9-01d8-4c71-af55-737719ea831b","dataSourceKey":"main","timestamp":"2026-08-27 16:20:06"}
{"level":"info","message":"ai employee [vera] registered from plugin [ai]","extra":{},"meta":{},"module":"ai","submodule":"","method":"","app":"main","reqId":"8321eaf9-01d8-4c71-af55-737719ea831b","dataSourceKey":"main","timestamp":"2026-08-27 16:20:06"}
{"level":"info","message":"ai employee [viz] registered from plugin [ai]","extra":{},"meta":{},"module":"ai","submodule":"","method":"","app":"main","reqId":"8321eaf9-01d8-4c71-af55-737719ea831b","dataSourceKey":"main","timestamp":"2026-08-27 16:20:06"}
{"level":"info","message":"ai employee [atlas] registered from plugin [ai]","extra":{},"meta":{},"module":"ai","submodule":"","method":"","app":"main","reqId":"8321eaf9-01d8-4c71-af55-737719ea831b","dataSourceKey":"main","timestamp":"2026-08-27 16:20:06"}
{"level":"error","message":"load plugin [workflow-request-interceptor], 68/75","extra":{"method":"responseErrorWithCode","code":"commanding","error":{"status":503,"maintaining":true,"message":"load plugin [workflow-request-interceptor], 68/75","command":{"name":"start"},"code":"APP_COMMANDING"},"statusCode":200,"appName":"main"},"meta":{"code":"commanding","error":{"status":503,"maintaining":true,"message":"load plugin [workflow-request-interceptor], 68/75","command":{"name":"start"},"code":"APP_COMMANDING"},"statusCode":200,"appName":"main"},"module":"gateway","submodule":"","method":"responseErrorWithCode","app":"main","reqId":"ac68016f-0c3a-4ead-8a81-ae50be098075","dataSourceKey":"main","timestamp":"2026-08-27 16:20:07"}
{"level":"info","message":"memory queue storage file not found, skip","extra":{},"meta":{},"module":"application","submodule":"","method":"","app":"main","reqId":"8321eaf9-01d8-4c71-af55-737719ea831b","dataSourceKey":"main","timestamp":"2026-08-27 16:20:08"}
{"level":"info","message":"memory queue storage file not found, skip","extra":{},"meta":{},"module":"application","submodule":"","method":"","app":"main","reqId":"8321eaf9-01d8-4c71-af55-737719ea831b","dataSourceKey":"main","timestamp":"2026-08-27 16:20:08"}
{"level":"info","message":"write roles to ACL","extra":{"method":"writeRolesToACL"},"meta":{},"module":"acl","submodule":"","method":"writeRolesToACL","app":"main","reqId":"8321eaf9-01d8-4c71-af55-737719ea831b","dataSourceKey":"main","timestamp":"2026-08-27 16:20:08"}
{"level":"info","message":"app has been started","extra":{},"meta":{},"module":"application","submodule":"","method":"","app":"main","reqId":"8321eaf9-01d8-4c71-af55-737719ea831b","dataSourceKey":"main","timestamp":"2026-08-27 16:20:08"}
{"level":"warn","message":"[Workflow pre-action]: collection \"auth\" not found","extra":{},"meta":{},"module":"auth","submodule":"signIn","method":"","app":"main","reqId":"b8f10cb8-ffef-4876-84a1-6474143eb5ea","dataSourceKey":"main","timestamp":"2026-08-27 16:20:09"}
